438.25,0,826,8725.25,13524,10086.75,21115.75,24369.25,28912,18375,14196.25,9945.5,24711.5,9944,21883,28868.75,13609,33056,17066.75,12029.5,16240.5,14585.75,56437.25,15754.75,12436.5,74075.25,59298,80989.25,84041.5,57196.75,17822.5,59079.5,31079.75
9912.25,14087.25,30741,21733.5,12215.625,39690.75,14736.5,17039.125,45106.75,8816,15182,3068.75,22334.125,22948.25,19824.25,11492.25,4844,16799.75,2322.25,16487.25,13924,18974,13100.25,12369.5,7284,15407.75,16615.25,16089.75,12575.75,15269.5,12202.75,16089.5,9785.5
40826.375,51198.25,108328.5,124047.5,78473,88532.75,105401.75,85103.5,33084.75,38778.75,38898,12709.5,10630.5,5591.75,45840.5,60236.5,24556.75,34962.25,19115.5,16003,11043.5,16973.5,60531.75,38877.25,47239.5,74274.75,55551.25,86744.25,117195.75,64313.75,34644.25,64285.25,17233
21002.5,25811,34818.25,34659.75,24954.5,28282.25,24522.75,33443.875,16144.125,15239.5,11602.75,5906.25,10110.875,6768.5,14206.25,15926.25,6829.25,9208.5,2215.5,3130,10251,8159.75,14544,11349.5,9836,19278.5,12554.25,23719.75,30444,10590.75,6154,12517.5,2718.5
7719,4542.75,19421.5,44012.75,39204.75,45587,58170.75,61459.5,18274,14753.75,7334.75,1782,2329,1347.25,11003.25,12871.5,3073.5,1422.75,0,3031.25,3220.5,2003.5,16052.75,19253.75,26406,20307.5,15654.5,31643.25,75805.25,57379.25,40332.25,87362.25,29713.25
222116.875,211365.75,381039.5,354369.5,262707.875,306273.5,539706.25,386500.5,137457.5,160844.25,104434.5,74374.25,175051.75,21425.5,211320.25,276935,62395.25,83896,32060,53434.5,45052.25,72344.25,133255.5,190665.5,207194.75,215686.25,210672.25,286072.25,427517.25,340557.5,245054.5,437380.75,206383
89125.125,70725.5,136202.5,238619.25,220339.25,247704,384743.75,350067,47280.375,67717.5,73115.75,44357.25,92986,9246.75,39624.5,46972.75,9611,8809.25,7484,35041.75,89425.75,50128.25,61111.25,100971.75,86688,66427.5,66078.25,89503.75,196195.25,135297.5,117466.75,230636.75,102048.25
118175.125,89717,168632,221949.5,181494.5,238259,297749.75,334212,52633.75,66744.625,79248,26179.25,121146.75,14590.25,57980.75,84305.25,29305,26884,6964.75,17036.75,46480,25500.75,37475.75,37521,28518.25,18763.75,18523.25,32050,79980,78773,145711.75,238566.25,57198.25
24543.5,13469,20782.5,71197.5,83935.25,82347.5,133606.75,165222.75,15110.375,23842.375,22859.5,3582.25,23581,18870.5,58247,77770,7314.5,6128.5,6064,27016.75,58776.5,16349,37835,36223.5,28385.75,7937.5,9325,16881.25,50715,57358.75,26764,72881.25,11450.25
70274.625,45570.75,40331.5,77228.25,90626.75,114137.25,167285.75,174913,32373.25,59329.125,40074.25,10721,64858.25,18939.5,44798.75,74294.75,5042.5,8977.5,9661.5,38058.5,52373.25,11963.25,63473.25,66363.75,65768,55577,33535.5,61535,102957.5,174666,172821,241520,57548
22005.875,19048.75,57427.5,103204.75,87167.75,89406.5,174147.75,194515.75,23015.75,40621.875,45687.5,17325.25,104837.75,17067.75,53324,78053.25,8200.25,11679,12707.5,23054.25,53451,37081.25,43119,62544.25,66585.5,26919.5,25136.75,34656.75,84945.5,115874,116793.25,146432.75,43454.5
30544.5,53487.25,115387.25,156004.75,44588.75,108946.75,171226,185945.5,31052.375,50848.5,39255.25,20131.5,148153.5,31239.25,107850.25,161643.25,35450.5,62841.75,40208,47209.75,55660.5,27739.75,58726,74117.5,79675.25,80983.25,72692.5,63919.75,121633,111981.75,101647.5,137585,61240.5
69323.25,146171.25,190024.5,225321.75,91453.5,151623.5,268927.75,208104.5,60576.125,95839,77168.75,37044.5,211976.5,48956.25,207066,259705.25,91066.75,117742.5,51893.25,49752.25,99614.5,73935.5,148357.25,129423.25,142367.75,139059,138546.75,115168.75,206440.5,148156,122385.75,173480,63443
137168.25,183869.5,282295.5,298284.25,163242.125,217808.75,364300.25,362106.25,88390,86390.75,84842.25,72486.75,461430.5,123176.5,325948.25,326771.25,84182.25,163785.25,106538,102127.25,148973.25,99760.75,241414.5,201804.75,245796.25,263368,249576,97449.25,139242.75,225926.5,31968.25,145402,70599.75
76376,116845.25,79881.25,46504.5,74657.625,26394,69831.75,106808,39042.75,61279.25,61245.75,16700.25,141785.25,48899.5,111070.25,142341.25,50497.25,66582.5,33104.75,62434,140535,58824.5,100075.5,59410.5,75287.75,58980.5,51114.5,50108,116198.25,82150.5,22913,61843.5,30403.5
21358.375,45128.5,76904,76439.5,48721,26287.25,72207.5,52114.75,15326.25,21309.25,10169,17653.25,64966.25,5166.25,42680.75,49154.25,9984.25,20855,12080,14853.5,36836.75,42201.5,59355.75,42498,39119,20195,19681,26109.5,148397,98784.75,31017.75,41217.25,26964
197631.375,502173,442569,386660.75,316182,269682.25,438654.75,327413.25,192621,257132.25,115469.5,136327.5,444394.5,152322.75,612785.25,539230.5,177067.25,292652,152117.5,195041.75,333901,376455.75,772843,559032.25,381698,397831.25,283678.25,216139,465324.75,379027.75,227773,392189.25,229688.25
30556.75,83961,50829.5,80650.75,24023,33549.5,32255,60946,34691.5,49978,16592.25,12062.5,46338.5,20000.75,108644.5,64369.25,12671.5,92621.75,22064.5,57736.75,94024.5,92755.5,265065,142292.75,110337.5,98258.25,72401,12239.25,36292.75,38274.5,13478.25,64560,50873.75
57106.25,76233.75,33352.5,36155.75,7943.75,14492,15098.5,23807.25,21216,16746.75,5667.75,4601,7925,4657.5,24393.5,33384.5,8647,77045.75,12117.5,27113.25,33081,49438.5,136543.5,94085.75,108875.25,80565.25,60651,12631,57285.5,46559.5,7484.25,37937.25,30829
23907.375,49764.75,16356.5,18353.75,5831.25,7115.5,10826.25,18698,10517.25,13998,8027.75,6281.25,22752.5,2985.5,22686.75,51088.75,15149,46130,10011,7581.75,37992.5,57729.25,76753,58247.75,56277.5,64297.75,40408.5,48790.5,34791.25,8344.5,9485.5,19402.25,8700
23689,55667.75,6396.5,12437.75,3643,5170.5,662.5,12821.75,10294.75,8890.5,2881,4051.25,14065,506,18031.5,41707.5,12740.5,48639,14771.25,17986.5,69859.75,86341.5,149002,126248,101774.75,91317.5,72041,79691.75,37985.25,1724.75,2544,18481.25,13007.5
3958,13569,8664,7273.75,13644.625,3875.875,5491,11638.25,6045.125,15137.75,24132.75,5953.75,99581,42022.5,44531,19838.5,14250.25,24301,9584,23666.5,31125.5,19907.25,15890,17770.5,22583.75,24959.25,7257.75,1790.25,5034.75,34392,11391.5,21326.75,2893.25
16692,30461.25,27455.25,21105,12800.125,6051.875,17120.5,15190.5,10083.375,16519.25,55736.75,2974,147530.5,48150.75,45027.5,37052.75,13215.75,59849,9995,16069,39804.25,29063.75,10922,27900.5,26936,21754,9040.75,0,11727.25,27084.75,0,8455,3499.5
55580.5,82411,67937.75,36505,74187.875,19805.375,42678.5,55334.125,36436.125,46615.625,72880.5,45705.125,197830.75,76450.75,121204.5,128240.25,40017,121397.75,46188.5,64409.75,74060,89644,47137.75,90767.5,68866,106738,63105.75,23240,32232.75,95157.5,13809.5,49484,37909.5
57292.625,209371,123917,60914.5,95696.125,19315.625,84732.25,69012.5,29967,70239.875,114903.5,68126.875,386749,104949.25,202842.25,291051,40732.75,142218,65389.5,30709.75,118524,71564,70825.75,104882.25,92671,167590.25,136951.75,8632.75,77424.75,81891,199.25,832.5,859.25
110113,391744.5,183944,103965.75,152564.25,21181.5,122293.5,160786,76908.75,163092.25,191295,143458,642915.5,256620.25,249353.25,402768,114702.25,300704.25,230783.5,141256.5,315610.75,164158.25,191342.75,183929.5,203725,295767,176344,50251.5,107993.75,175255.25,7913,39962.75,9308
226566.75,551844.25,235705,220848.25,253877.75,46182,130614.5,97472,12334,88285,31903,4460.5,192098.25,179614.75,222054.5,259866.75,89112.5,343966.5,228682.5,36554.25,243614.5,116236.5,167348.25,72255.25,75098.5,222167,103226.5,11599.5,14529.25,11755.75,0,5787.25,16477.5
223031.75,494649,562673,314050.75,197693.375,100973.625,166443,96060.75,12190.125,91307,23786.75,6383.25,119164.25,179981,163125.75,53383,81130.75,298467.25,190386.25,57800,195172,165725.75,259282.25,118130,94400,159493.25,109518.25,20836.75,2956.5,351.25,665.75,3841.75,8141.75
158729.25,348703.5,597047.75,355128.5,160249.5,90730.5,180321.5,32174.5,2031.5,30436,25198.75,4009.25,80637.75,122157.75,54892,5026.25,36543.25,126068.75,55955.25,5806.5,55420.75,61996.5,142452.25,29811.5,3014.75,6998.5,72904.25,14890,6632.25,13095.25,2379.5,6763.75,3506.75
171640.75,296683,232252.75,176752.25,141931.5,27164.5,171119.5,31287.5,1783,35129.25,19937,6205.25,112026,50286.25,34865.75,18132.25,6684.25,39083.25,16568.75,4260.75,17536.25,41430.25,47167,16720,8105.75,23980.75,17321.5,0,36778.75,89514.5,71684.75,222351.25,27876.75
589231.5,788200.5,536178.25,416584.25,413714,210429,289972,137702.375,67697.875,160161,212351.25,38274.5,275631.125,513036.25,282163.5,108590.25,150709.75,422994.75,141209.75,94839.25,320586,253475.5,220889.25,114521,114280.75,198743.5,148605,40553,55776.25,28230.5,17246.75,24994,10717
55612.5,73281,36326.25,33779.25,57629,53470.25,74914.5,2876.75,722,2972.5,1269,0,4081.25,10881.5,1869.25,197.75,433.25,2082,585.75,1746,3142.25,2329.75,5498.25,167.75,291,3654.5,3989.5,1122.75,34952.5,50843.5,45486,79884.5,2188
101187.5,146761.5,249503.25,117783.75,109741,77234.75,92230,29195.375,7865.125,32292.75,18241,6960,36549.875,103702.25,16018.25,23725.5,25513.5,57935.5,9459.75,29383.25,15740.5,11364.75,35465,24354.75,22537.25,43178.25,13626.5,9746.5,68233.5,149864,147000.5,212207,17312.25
200106.5,413941.75,573770.75,387720.25,178008.25,168862.75,269763.5,115756.375,16601.875,112331.5,165849,66913,96335.375,180422.75,163314.75,214026.25,40824.25,148628.75,200265.75,147231.75,74946.25,129430,308637,246977.5,109396.25,113160.25,130495.5,98474.75,25311.25,348.75,778.5,12310.5,10500.75
381483.25,999541.75,944836,524370.5,379839.875,391839.125,272046,259940.25,64110.875,252737.5,324956.25,93452.25,303739.5,449669.75,396858.25,315479.5,184394.5,373714.5,505720.25,357879.25,288181.5,391776.25,683191.25,298684.75,147730,289090.5,631295.5,154082.5,63344.75,39966.5,24645.5,24571.25,22393
849357.25,757179,595403.5,465809,441961.25,407038.5,402136.5,362484.625,125423.375,440083.75,364659.75,144506.5,521210.625,495657.25,697254.25,685331.25,183787,400872,718029.25,423049.75,489596.25,583169.75,439835.25,422057.5,294748,596907,743085.5,326003.5,156581.5,21294.25,21184.25,9401,6201.5
623234,460735,361228.5,403534,396155.5,306263,246986,240845,44124.5,230270.75,165610,70087.75,380978.25,452253.25,405961,401566.5,170790.75,346882.75,478620,240964.75,347094,499701,282693.25,267659,135086.5,415797.75,520465.25,150204,51820.5,3297.25,142.5,631.25,1024.5
689956.75,585673.5,252599.25,641175,273501.75,295386.5,292088.75,251467.5,71997.25,307588.75,460051.75,159025.5,418532.25,522197.75,336655,617841.5,151949,344592.25,631301.25,305122,519952.75,438852.5,262733.5,306340,183755.25,503300.5,620294,178570.75,184084,44110.75,13509.75,13803.25,1871.5
468573.5,918291.75,413295.5,552398.25,260463.5,277508,333110.25,447347.75,164431.75,297618.25,465833,102790.5,557137.25,408673,309774.25,241262.25,121553.5,250539.75,313745,206626.5,437922.25,552722.75,343313.75,486841.25,346870,472613,726232.75,376626,169100.75,211762.5,223114.25,122271,78328.5
307157.75,656349.5,304538.25,303627.25,312740.75,207537.5,362539.75,455117.25,229101.5,264143.5,297094.5,145579,500015,377823.75,345345.25,239824.25,194343.25,314183.75,311125.5,263543.75,497451.5,444184.5,244228.5,442689,331751.5,410074.75,490894.5,193758,206873.5,393708.25,229992.5,254583.75,99009.5
450592.75,601948,421102.5,472773.5,353521,221738.5,441667,404602.5,332799.25,315944.75,255966.5,286036.5,428726.5,451604,378500,590600.25,163314.25,342989.75,473668.75,254197,457448,425773.75,157322,580895.25,183796.25,531528.25,503240.75,282913.5,363434.5,565799.75,146292.25,349043.5,175331.25
666951.75,1089766.75,671303.25,639717.5,125807.25,433882.75,585052,534783.75,241690.5,440069,516315.75,258081.75,793124,748927.75,457860.5,712625.5,185977.25,590030,838477,236789,708470,658782.25,234362.5,648699.75,215063,738959.5,743207.25,295479.5,398675.25,573050,67286,312651.75,218661.75
768605.5,904143,853661,685829.5,394130.75,507386,547773.5,471772.5,419202.25,484029.875,508407,253372.75,572492.25,582427.5,642183.25,657155.75,311935.5,621290.5,583675.75,310085.75,610570.5,485275.75,436025.25,513640,205362.75,487260,630514.75,529091.25,384590.75,385246.5,124213.75,186646.25,41476.25
40563.75,54844.75,114900.75,105866,70951.25,76828.75,145621,84732,77881.75,82308.75,96864.25,15189.25,45827.25,67644,91793.25,58786,41662.75,91632,49209.75,53630.5,89771.5,79217.75,77049,74249.5,70288.75,103874.5,102132.75,110608,119511,216758.75,96261,146287.5,76345.5
58026.25,34231.5,67165,37476.5,14168.25,18384,59569.75,23963.5,25631.75,24366.375,28839.75,14068.25,17712.75,28996.5,58642.25,98968.75,24004.5,63137,59345,41508.5,40596.5,40990,30682.5,32626.25,15838.5,39024.75,55060,49528.75,16274,28731.75,23736,19470.25,21408.25
145030.25,135388.75,134528.5,71895.75,23635.25,74006.5,136405.25,65543.25,61464.25,73462.625,74321.5,132242.5,89467.5,94243.5,168615.5,203889,70261.75,135243.5,128439.25,102400,92978.75,101686.5,76493.5,99419.25,61136.5,109487.5,119584.5,88341.25,39518.5,42602.5,43841.5,28449.25,25416
102017.5,126179.5,234467,115403.5,55902.25,60273.25,64427.25,57910.25,31759.25,54878.375,50456.25,11537.5,72836,98488,73530.75,78741,40670.5,40019.25,47026,36646.75,37346.25,69112.25,197379,50950,29752,83283.75,146483.5,68347.5,75527.5,11722.25,16242.75,84603.5,37549.25
541761.5,799869.5,509811.5,235122.75,208002.5,337922.5,329385,217278,224629.75,369239.75,267995.25,299896.75,501014.5,412330.5,396488,351264,233554.25,396666.25,513167.5,255950,310317,469477.75,332684.75,193474.75,296680.75,539670.25,543272.75,136291,110090,19891,21659,42870.5,18068.5
462397.25,670534.25,440720.25,387437.5,212709.5,309643.5,419009.5,225826.5,156045.5,319289.25,315909,400532.5,499441.75,232956,383775,348639.5,246174,316903.25,546548.5,180080,326118.75,353589.25,272811.75,167135.25,228665.75,473123.5,548258,173516.75,136638.25,53676.5,45643.25,65230.5,22700.5
292213.125,366698.25,292191,312957.75,160747.75,172561.25,221957,134288.125,118094.375,178368.375,125533.25,62127.25,250994.75,217471.75,260076.75,179623.25,92988,173444.75,293622.25,109051.75,142358.25,178257,159006.25,121829.25,131708,262366.75,308783,86088.25,139092,117055.75,30864.75,80606,19293
172022.25,257722.25,331084,78516.75,90584.75,142542,137031.75,17621,20424.5,58567,61175,36416,62332,179486.25,132486,29592.5,19561.5,55828.5,64199,26092.75,18856.25,80216.5,161853,7652.75,10613.5,69104,110533.25,15794.75,4796.75,2561,4343.25,19834,33958.75
177685.75,285041.75,439800,258908,134544.25,113150.5,124662,27077.75,38516,94549.25,135828.75,69649.5,81422,206412.75,343757.5,103424,34856,124218.25,167355,39513,58286,167940.25,366133.75,40780.25,28005.5,126503,233198,13097.5,9516.25,6534,9941.5,12414.5,8194.5
293297.75,649991,955407.75,290281,225418.5,299327.25,278791.75,57111.5,156378,203322.25,146832.25,124718,193739.25,388538.75,440019,122512.5,103916.25,302227.25,351389,55812.75,159252.75,202068,319878,43067.25,59234.5,249213,414955.25,11099.5,33274.25,45057.5,10792.75,21143,18759.75
412045,587619,666789.5,290088.5,242932,323837,255132.75,75242.75,244929.75,250777.625,198467.5,9857.75,260922,402424.75,494419,141658.25,80050.5,294253.75,439663,109214.75,137977.75,242159.5,289460.75,39760.5,43330.5,188968.75,464449,35577,37424,37778.25,24227,96143.5,17271.75
507761.25,616629.5,470000.75,356722.5,212354.25,365961,364401.25,91683,289921.375,354913.5,268998,9203.5,364388.75,374589,383790,189950.75,131969.25,365809.25,524284.5,202564.25,167980.75,327240.25,245251.75,66099.75,91819.5,321339.75,582123,122346.5,117473,98664,9244.25,39105.75,14488.25
102193.25,142837.75,155934,103498.25,43806.75,82702,64269.25,12613.75,55287.375,38783.875,23844.75,2629.75,70369.5,100621,58463.25,29140.75,14443,28009.25,58598.5,16571.5,28434.5,30794,54540.5,2071.5,6599.25,26017.75,55540.5,7850.75,16791,21452.25,11489.75,10605.5,5730.5
514819.75,697892.5,827189.25,486079.5,275665.75,418418.5,256713,127441.75,375882.75,311394.5,226442.5,16990.75,345083.5,425170.25,559754.25,295840,139646.5,275280,351744,193692.5,244627.25,427280.5,509737.25,85132.25,106255.5,382491,617815.75,59188.75,95692.25,52601,61591,123834.75,36848.75
382512.75,390456.75,522618.75,435392.75,193625.25,360078.5,236553.75,90435,217409.25,260186.625,205803,5416,165333.75,283265.25,371438.25,289044,110325.5,209717.75,375203.75,275992.75,172699,225514.5,308775.25,93784.25,68110.25,257298,493832.5,29666,29696.5,35177.75,36349.75,19816.25,1581.75
525631.75,349532,906659.5,813252.5,417028.25,355790.25,365192,53096.75,325527.625,408173.625,344450.75,1251.5,270983.25,667667.25,1186873.5,311274,121607.75,512855.75,708704.5,260393.75,364864.5,553053.5,785266.5,86513.5,73001,506607.75,799868,12291.25,50910.75,54225,76121.25,56321.5,51557
387290,297524.25,733060,587633.5,316311.25,401426.5,348346.5,97110.5,453847.75,396701.25,253090.5,13843.5,264231.75,429122,566422,136798,88347,366001.25,471128.5,118387.5,218642.75,362716,479754,77103,59494.25,421799.5,773297.25,9086.25,20619.25,81856.75,53660.25,30006.5,14853.25
5742.25,22624.25,139976.5,89845.5,18645,11713.25,44196.75,7017,9075.625,17682.875,18259.25,1585.75,15928,26519.25,37169.25,1441.25,5720.75,22741.75,35217.75,568.75,7402.25,14314,32756,3240.5,1820.5,19179.75,41546.25,4412,5304.75,18057,9192.75,18524.75,5458
114219.25,192798.25,462008.25,222211.5,99088,137351,162084.5,53028,92971.25,118116.375,82259.25,6147.5,73123.75,169085.75,203432.25,22556.5,42186.25,138444.75,188916,32176,66423.25,125402,199400.75,26878.5,26799,117352,260478,65919.75,45420.5,81322.25,47526.75,92172.25,5942
120826,106796.75,315537,231331.75,116112,106776.75,78431.75,52112.5,113050,128322.375,74276,7924.625,62112,127167,184947,37748.25,54830.75,130891.75,184823.75,115039.5,54415.5,102289,183215.5,37944.75,12960.5,56247.25,163289.75,75243,32033.75,40401,54891.5,119297,10009
524008.5,478611.25,549169,719075,377632.25,553007.5,480581.75,199621.25,566902.25,593744.875,335438.5,15967.5,341547.75,607484,737119,341389.25,443071,932937.25,897634,569983,327572,589739.25,440645.25,216941,176540,428290.25,804634.25,346324.75,262684.75,82097.25,182662,408105.25,53154.75
35614.25,91027.25,242986.5,96182.5,47430.25,101656,102421,39443.25,46576.25,66938.75,70953.25,2797.75,40060.75,104844.5,145992,11288.75,40728.5,81764.5,126582.25,23947.25,37641.5,81483.75,134930.5,25485,8350.5,54476.75,152809.25,34957.25,16890,32102.75,36953.25,83427.25,721.25
105841.25,60652.5,206912,187518.25,91798.25,115673.25,134529.25,73248.75,71817,103647,67441.5,4958.75,70331.75,111908.75,139520.5,24104.25,57293,112077.5,110403.75,80558.25,46434.5,84269.75,171437.25,66282.25,27077.75,68931.5,140879.25,67490,102257.25,68919.5,44054.25,109486.25,31952.25
38094.75,32176,170028.75,166830.5,88615.5,38318.75,56790,123479.5,88280,58999.625,35361.25,13113.5,85703.75,70543.25,103668.5,83591,35202.25,70584,111867.25,110158.25,56204,63715.25,149050.75,63748.75,23688,55601.25,118204.5,65474,73963.25,46465.75,35803,68943,28533.5
19222.5,38369,123190.25,151764.75,57266,53067.25,90053.25,89120.75,38671.25,51466.75,54778.25,14466.25,49125.5,87674.25,107303.5,24382,14402.75,46554.75,87556.75,68209,38881.75,48078,89036.25,42274.75,13861.5,16486.5,71528.75,42597.75,47526.75,105113.5,53602.75,59852,14995.25
64541.75,79284.5,149188,101924,69208.75,53393.5,90697.25,60761,49189.75,61305.5,51159.25,19280.5,67682.5,74139.25,76646.5,41313.25,28013.5,51694.5,69875.75,51538,40382.25,42643.75,83606.25,43237,21328.75,37548.75,71327.5,47382.5,63137,56419.25,27714,26326,4947.75
287213.5,125077.5,526215.25,586285.5,378686.5,322537,193790.25,145786,346903,293567,143110,620,110924.25,300022,537182,132791.5,113599,425721.75,578206,223060.25,164652.5,324534.5,581751.25,111991.25,67100.25,233154,363289.75,42026,243851.75,171866.75,49160.5,162004.75,67289.75
491868.25,105839.25,617874.25,1122954.75,528765.75,620898,281671.75,301130.5,935468.75,576400.5,273963.25,3306.75,311045.75,684332,985294,403189.75,176706.75,860430,1090201.25,490426.75,346906.25,632700.25,823201.5,203151.25,61882.75,267054,670089.25,49707.75,262607.5,460012,293597,515117.75,170766
146482,9737.75,107289.5,329433.75,118151.5,181006,29572.5,93035,322475,144127,97303.5,158.75,91026.25,168198.75,252455.5,109328.5,17436.75,206089.75,317777.5,123006.75,74923.5,168087.5,194003.75,32850,5939,48598,128996,689.25,23338.5,99197.25,49273.75,64905.5,10860.75
270825.5,3845.75,130329.5,343413.75,318780.25,99021.5,28178.75,85935,204686.5,125609.25,42961.5,2564.25,61487.75,89777.25,255772.75,89380.5,7462,48445.75,145754.75,90446,14123.25,35263,191395.75,82818,3705.25,1119.5,11283,924,241.25,24123,21427,75268,16661.75
190,0,2708.75,3943.75,2558.75,2207,618.75,296.75,328.5,1737.875,1398.75,0,6927.75,9117.25,6543.5,1347,5636,3059,532.25,94,1594.25,5777.75,2541.25,7582.75,135.25,339.25,1010.25,178.5,1636,17912.25,8211.25,1802.75,2968.5
24057,44240,85262.75,52510.25,29689,47289.25,61483.75,34491.25,30537.5,42943,24161.25,11973,42355,42244.75,62511.75,39083.5,17581.5,53310.25,105542.25,49192,27480.25,64204,126676,22824.75,17333.5,47941.5,122055.75,7842.25,56118.75,76388.25,37513.5,54340.75,19920
479350.25,316109.5,960357.75,1064091,666469,726927.75,508842.5,402036.25,486100.5,623405.375,585068.5,59441.75,437725.75,861249,1313674.5,289354.5,225489.25,795032.5,1157539.75,525801,300536.5,682301,998930.5,401130.75,114619,233984,1119624,274739.75,340948.5,303500.75,395573.25,937811.75,153444.25
534377.5,643645.25,898163.25,831516.75,626016,758844.75,705410.75,613112.5,424846.5,709537.375,564717.75,87018.5,562746.25,677348,952960.5,364672.25,320885.25,594556.5,666387.25,595926,424907.25,520372,634402.5,546321.5,352540.25,370916.5,703757.25,324043.75,435350.5,313423.75,548242.25,649715.25,250102.5
1494905.5,1428631.25,2394564.5,2437709.5,1462765.75,2397940,1485868.25,1285446.75,1727081.25,1894931,1277432.5,203649.5,1325786.25,1601342,2829564.5,1436089.5,506390.5,1539100.25,2405122.75,1924002.25,909483.5,1426836.25,2264536.5,1675874,302782,760504.5,2590658,1440984.5,866061.25,616089.5,1165994.75,2245957.25,921204.5
2337073,2217170,1863799,3336405.75,2047294,2816834.25,2161281,2064699.5,2387798.5,2117986.75,1374995.5,229046.5,1690250.75,1201672.75,1879903.75,1785359,591350,1674577.25,2334080,2156011.25,1267728.25,1477698,1747548.75,1765685.75,524083.5,1402489.75,2864707,1946148.75,1622036.5,975443.25,1646617.75,2594905.25,963963
1336026,361919.25,1068455,2043367,1057799.5,1158968.5,703689.5,1217783.75,1553909.5,1310100.75,702241,62189.5,966135,522720.25,939293.5,750759.25,223761.25,751263.75,1205199.25,752326.25,454675.5,962057,1001682.75,509660.75,76999.5,513196.75,1505936.75,777176.5,524371,720631.25,1070749.5,1219487.25,99035.25
259840.75,41032.25,196897.25,566799.75,224413.75,275846,170906.5,295214,270882,252327.25,155733,4445,150145.5,116494,205993.75,163368.75,24393.5,88730.25,219606.75,120416.5,114882,191060.75,190244,86850.75,16938.25,58348.25,244200.75,90627.75,73846.25,68199.75,127756.25,161831.75,9214
344050.75,4161.25,90216,555780.25,420268.25,457645.5,83029.25,277228,532990,544944,243010.5,194.25,158162.75,217718.75,390861,54762.5,33361.5,298347.5,449806.75,129115.5,105041.5,379335.5,407011,123808,15667.25,24735.75,323595.25,153064.25,126352.5,106620.75,250693.75,447126.5,783.75
338574.5,23669.25,129435.5,578003.75,382918.625,408893.75,102973.75,275971.25,488662,598860,261615,1108.75,177361.25,244215,363531,79741,24302.25,222069.25,411892.75,135809.25,130589.75,384654.75,355742,238085.75,33137.75,15361.5,282207,119481.25,134810.5,62829.5,168208.75,312948.5,11430.25
155773.75,166027.5,242022,178204,66154.25,103174.75,116348.5,116346.5,88526.5,51840.25,96525.25,15031.5,99859,30996.75,170859.5,44230.5,60030.75,147823.5,79215.25,21705,134222.5,139405,95407,15389.25,59578.75,97613,84719,9338.25,132431.75,191640.75,28623.25,113056.25,17193
312739.375,236864,294358.25,509100.5,164832.625,194386.75,244746,262329.25,171293,153064.25,224654.5,65661,355644.75,131787,293031.75,156799,123890.5,266054.75,236640.75,121314.5,239678.75,255013.25,219999,92777.75,142573.75,267910.25,307631.25,53707.75,271462.75,397502.75,116899.25,251230,124923.75
284994.625,78032,235469.25,518827.75,149726,86851,221110.25,362600,153885.25,93120,171261.75,52276.25,144672.25,74805.5,349151,225171.25,68346.75,300721,380537.5,104169.5,230647.75,315109.25,268089.25,18269,81622.5,304069,441601,6853,168584.5,487548,21167,300960.5,336524.75
808010.125,560388.25,667484.25,1391521.75,356091.875,535901.25,777791.25,815603.75,592898.5,667770.5,744743.25,134533.5,955920.75,176684.25,817761.75,382209.5,493035.5,751404,763472.25,238688.5,761765.25,723745.75,494005.25,254280.25,541669.5,920785,798677.5,211111,668232.75,858712.5,250139.75,967806.25,382681.75
175671,201956,207036.25,243477,165569.25,224333.75,97167.25,227955.25,118774,122561.375,153089.75,25410.5,190532.75,114555.75,111223.25,87626.5,119599.75,170292,78443.75,68801.5,182858,162868.75,124774.25,56717.25,136267.75,190301.25,159695.5,68133.5,210682.5,184573,132485.25,193268.75,76492.25
309672.5,322268.25,282571.25,418014.25,285091,301832,159205.5,268412.25,341805,239084.25,166619,63547.25,349037.25,79907,279393,254660.25,179631.75,336794.25,312528,93861.75,370987.75,344105.75,265263.5,122681.75,240814.75,364695.5,346281.5,67193.75,301425,411939.75,139242,426318.25,204770.25
93008.5,128471.5,104366,166521.5,79695.375,99772.5,83520.25,102668.75,69685.5,51521.75,123220,25565,161108,59813.5,105556.5,55332.5,65533.75,125180.5,78877.25,23090,121738.25,101163.75,58915.5,26508.25,54729.5,77002.5,101668.25,2228.75,101056.5,148863.5,51490,151169.5,54559.25
470010.875,397661.75,275261.5,564299.25,271409.125,255934.25,209903.25,288571.5,226942.5,375724.75,347951.25,84144,553190.5,193910.5,422361.75,177965,247072.5,428057,329666.25,119160.5,380353,340368.25,252342.75,176947.25,228904.75,359193.75,422523.25,39941.75,368769.25,508430.25,156538.25,488792.75,186052.5
470704.25,442468.25,552187.5,868861.25,305775.875,276650.25,450171.5,465938.5,191486.5,466856.25,490686.75,130347.75,481927.25,282324,613279.5,174716.5,335858.5,459161.75,376976.75,187699,521686.5,435367.25,416042.25,111849,166664.25,471144,563817.75,17351,367457.5,598676.75,150463.75,601242.25,107021.5
358221.125,366282,389546.5,445705.75,296959.5,291269.5,311096.5,271167,318443,386540.25,371065.75,213863.25,385485,332279.25,421603.5,370933,332641.25,415013.75,400286.5,295796,398076.25,272871.5,278664,199948.5,293385.75,344336.5,392447.5,153534.25,272417.75,482892.75,287109.25,469021.75,111371.5
445285.875,553947.5,446636.25,640635.5,360199.5,274052.25,443626.25,415040,375975.25,560057.5,550750.75,332686.25,586593.5,500588.75,430655.75,550614.5,519993.25,487124,612024.75,400006.25,598950.75,384562,367151.75,245095.75,381201,496331.25,559126.75,119611.5,270063.5,572433,255754.5,422905,9224
127556.125,54322.25,175985.75,233969,124157,93165,89759.75,130825.75,102834.75,168839,174559.25,36307.25,167032.125,181660.5,172440.5,124800.25,195410.5,200744.5,146139.5,126912,202795.5,141942.25,141259.75,105659.75,103468,169975,184363.5,31479.75,142995.25,261689.25,94317.5,181329,106706
71561.375,12367.5,119808,204477.75,57125.25,44979.75,112352.5,87031,20040.75,86117.625,118281,5475.75,99506.625,129834.25,58617.75,65806,102143.5,82316.5,54069.5,30379.75,91631.25,71263.75,82615.75,33819.5,34639,68180.25,104881.5,4413.75,49402,112514.25,25008.75,40970.25,7460.25
35149.5,86571.25,152757.25,89662.25,38034.25,63910,60218,38748.75,36495.25,37257.625,63114.5,7075,35623.125,60584.25,61745,31009,36357,47566.5,45103.25,16535.75,36553.75,39253.5,58944.25,13837.25,13303.5,32447.75,89293.75,5050.75,23262.5,49111.5,15989.5,10125.5,5535.25
118074,264766,275788.75,190888.5,142402.375,155467,120230.75,140198,160395,112763.125,144796.5,52393.25,121670.375,85873.5,139176.25,156759.5,114592.5,106156.5,125934.75,67402.75,145392.25,140524.25,138085.5,36981.75,51186.75,114957.25,175941.75,18781.5,76493.75,164867.25,62575.75,92141,11105.75
134425.75,207732.5,233119,206115,169675.375,164073.75,96770.25,104226.75,169416.25,144169.375,122332.75,51912.5,147275.875,90473,138762,171586,148025.75,96514,195553,164914,174158.25,146394.25,149274,60267.75,59049.5,132575.25,191600.75,9586.75,86702.25,167839.75,92712.5,157360.75,15374.75
96852.625,153485.25,136491.25,100887.25,86003.875,77378,44855.25,79225.5,94832.25,70053.75,80158.5,24463,99502.5,86181.75,78038.5,94452.5,90369.25,96106.25,100296.25,60026.75,130922,99618.75,122979.75,63317,62081,77714.5,144104.25,30702,60799.75,91289.75,72026.25,100490,10005.75
202685.125,348677.25,520307,310008.5,293945.875,308120,135353,244826.5,352120.5,168274,133121.75,27337.5,165954,200965,180229,85494,180009.5,227088,259606.75,39251.25,219380.25,348324.75,357288.5,59506.25,26819,147786.25,389012,21645.25,86528,245348,88935.75,196086,13537.25
172257,405201.75,454813.25,399823.75,316955.125,318550.5,171502.25,262742.75,322466,220012.125,220788.5,47553,259348.25,216812.5,259616.75,154149.25,208054.25,251148.25,301093,102205,269402.75,302605,251406,62378,54417,189527.75,335473.25,26205.5,87180,312667,79755.25,156661.5,19157
197256.125,605694.25,488972,302350.25,402084.75,481094.75,297997.25,288914.75,373270.5,167223.75,282228.25,62900.25,279415.5,260999,342832.5,186288,222618.75,380233,562127.5,90197.75,404162.75,535471.5,282003.25,65357.75,54194,218284,505380.25,20989.75,87823.25,329376.25,42638,329615.25,40494.25
193674.25,443947.5,404602.75,419835.75,409240.125,487184.5,233682.75,290674,455046.5,378480.75,270761.5,66940.5,245055.25,289930,377101.75,143652.5,250761.75,622574.75,720509.75,129923,725613.75,775598.5,235449.75,57104.5,47046.5,316134.75,719207.25,53577.75,79647.75,349334,49063.75,155414.75,4199
430819,1088248.5,851356,733801.5,821167.375,1003770.75,514610,789953.5,1061494.5,627171.25,460192.5,207468.5,1028942.75,240207.25,414182,664169.25,406309.5,318546.75,784315.75,389528.75,701738,693676.25,406083.5,131211.5,98908.25,310154.25,617922.25,27864.75,246670.5,553299.75,96872.75,534907.5,150807.5
430603.5,679529,722936,586851.5,526640.125,548584.5,436751.25,649278.25,605514.5,661208,646225.5,232027.75,788090,381158,389534.5,369586.5,327867.5,449315.75,682447.75,197783.25,621868.5,550972,398288.25,109998.25,112887.5,336851.5,573314.25,93797.75,294588.5,676067,131568.5,500946.75,150641.5
264933.5,432133,502568.75,418217.75,329005.375,391654,267064,354618.75,419771.25,293313.75,255963.75,76619.75,283168,131718.75,231787.75,214108.75,101014,224526.75,408957.75,79613,371360.5,293468,282633.75,41286.75,102493.25,218649.5,294930.25,50879.5,202836.75,332575.5,44391.75,266471,199898
395283,501691.5,485291.5,514717,389203.125,370524.5,225055,403306,344441.75,332280,393454.25,81395.25,447181,208632.25,216304.5,292707.75,168096.75,266513,428320.25,113668,398605.25,355798.25,321682.5,65860,119115.5,245125.75,394443,36277,212425.5,358466.25,66313.5,365152.5,238701
265870.75,379518,307311.75,471186.75,508624.75,422158,146207,280401.5,334023,306484.5,361185.25,66843.5,308685,252258.75,235259.5,145988.5,155754.75,340608.5,554376.5,42623.5,423276,506252.75,357576.5,51314,56206.75,197154.5,454449.5,19767.25,117905.25,412058.5,100681.5,356744.75,48744.75
69075.75,130381.75,175640.25,111622.25,95439.75,97761.75,35439.5,85560,80436.25,21216.5,58226.5,4946.25,91287,49470,35214.5,38195.25,27273.25,63650.75,69725.25,5774.25,73226,102640.75,117389.75,16982.5,13054.75,39625,116477.25,2703.5,22582.5,62191,27057.75,116244.5,25267
465812.75,542142.75,515535.25,689972,504572.875,380392.75,176263,421977,395993.25,318334.75,286605.75,37196.5,374287.25,177498.25,223823.5,217602,215256,323177.5,411674.25,101435,415779.75,409718.5,362992.75,67037.25,80471.25,262312.5,477139.5,58007.5,212031,330717.75,79263.5,402969,138143.25
588289,850127.25,677856,803498,756711.25,570361.5,370941,567728,619862.75,437974.25,485938.75,177820.75,511108,202629.5,284350.75,351951.5,293534.75,397170.5,631304.75,278351,555610.75,551074.25,482537.75,110935.25,108748.5,355416.5,637955,71611.5,346919.5,573553,170653.5,588393.75,169706
379492.5,516807,311118.25,648918.5,458742.375,349420.25,359715.5,313643.5,335196.5,355890.875,361162.75,175215.75,410175.25,133366.5,316468.75,393034.75,213747.5,391803.25,443793.75,235594,512232,397955.75,290639,127784.25,171820.75,294123.75,330320.25,100892.25,351176.5,360431.5,211534.75,501457.25,102496.25
83514,178293.5,210718,411134,186565.125,105464.75,195917.25,232504.25,76616.75,127928.625,229491.25,51543.5,126358.25,50686.5,96294,67612,57150.75,105556.25,106564.5,34703.5,145513.5,160024,136875.25,67121.75,25530.25,63501,111839.25,20050.75,80877.25,159985.5,60999,120959.75,70088.75
217179,336220.5,475491,466763,263004.75,272234.25,127204,223147.75,190741.25,159295,130923.5,7201.25,177726.625,151629.5,99790.5,115099.25,141864,166644.75,174535.25,79723.25,178314.25,236564,265274.25,39835.5,38443.5,172591,253530,42100.75,130385.5,213924.25,80547.75,185487.25,8333.25
605042.25,416137.75,523190.5,1044620,464817.125,430909.75,379102.25,308509.75,239944,286683.25,334039.75,20199.5,223055.75,411584.25,445685.5,96108.75,437434.75,882533.25,519969,34812.25,539971,541436,416572,38844.5,46105.75,313032,514371,10794.5,129519.5,471002,135041.5,269944.25,6967.25
409968.25,199300.75,606780,1105530.75,457321.625,399289.75,276819.25,320564,406443.5,389188.25,283568.25,272.75,178599,318124.75,523548,112473.75,406085.75,972323.75,590688.5,30949.75,536760,664110.75,507848.5,67260.75,25497.75,196994.25,476667.25,2240.75,77820.75,274731.5,65398.75,171260,17920.75
167655,59002.5,189458.5,295078.75,268997.375,112814,35572.25,80325,48639.75,46993,57723.75,4685.75,105352.25,110105.75,129404.25,34421.75,60673,236119,106823.5,32513.25,46299.5,101389.25,226638.75,37343.25,2279.75,27680.5,70475,4292,4209,56939.5,28375,98799.25,3748
664500,306319,503223.5,961458.75,781424.25,384413.5,251683.5,415480.5,281196.25,241639,214264.75,6788,210287.75,264035.75,488104.75,223704.75,267624.25,646915.5,113642.5,65265,576580.75,477690.75,468683,93211,13590.75,94194,237045.75,65537,124735.5,114239,66667.5,281917.5,38346.5
637180.5,219448.25,381070.5,1338350.5,962398.25,468031,490071.75,368551,376553,682370.75,492573.5,7640.75,354439.5,178424.25,467477.75,208857.75,260835.25,497661.25,83422,63553.25,610256.5,512871.5,635041.25,114610.25,11347.75,32949.25,165939,135249.75,379128.25,341614,24267,248825,180301.5
146472,81308.25,173461,414606.75,295758.75,166308.75,116402.5,248874,129548.5,78308.375,95340,2513.75,6705.25,40074,76832,78408.5,114051.5,203037.75,64609.75,22274.5,72214.25,111008.75,212376.5,32294,7449.5,3552.75,18709.75,15790,54615.75,35390.25,1468,44.5,711.5
39820,80423.5,74517,96348,29227.5,34450.5,96221.25,83906.75,36773.25,25452.75,69206.75,1646,58657,45757.5,19113.75,46050,33246.5,25394.5,843.75,4191.75,25762.25,17140.75,12873,2743.25,304,2080,9374,3805,7811,25825.75,22350.25,5870.75,1603
32485.625,25157.75,70114.125,149342,41913.625,35235.75,81516.75,86485,14928.625,31902.625,64558.75,310.75,34206.625,14446.25,24121.75,19677.25,19393,55165.25,36846.25,36039.5,38944.75,41749.5,86500.25,18879.25,2650.75,15650.5,32773.25,37568.75,66346.25,33294.5,30802,60866,6426.75
105601.75,72472,71113.75,81290.375,62456.875,70293.5,198882.25,70293.5,67596,78664.875,104217.75,20241.75,89107.875,61635.875,74593.875,70293.5,79466.75,95822,87623,92074.25,99674,69971,105250,59473.5,19069.25,36482.75,68116,57053.75,75699.75,33691,33967.5,41030.75,2436
296.5,2854.125,10916.125,10960.25,2325.5,10408,33785.75,1524.625,1112.625,4428,23856.25,1209.25,4584.625,4468,135,466.75,141.25,1274.75,1256.75,0,711.75,1119,584.5,55.75,0,1241.25,1118.25,234,5702.25,26305.25,35385.25,21571.25,2095.5
133082,112536.75,152856.5,262618.75,66940.875,47244.5,162185.5,84135.5,7602.25,148856.75,177797.75,28056,147914,34297.25,21645.75,35727.75,42720.5,45421.5,62200.25,23343.5,42758.25,53575.5,70680.25,31034.5,11139.75,16581.5,73206.5,26654.75,103422.75,175849.25,139137,245803.25,42526
351409.25,226630.75,331125.25,509940.5,237671.875,206641,321885.5,272726.5,110798,300805,315075.5,93812.25,451351,91556,112522.5,227664.5,154689.75,215529.75,227597.75,156145.5,216672.75,195169.25,262651.25,186735.75,126231,136855.25,308166,189535.5,370140.75,335341,265959.5,551574.5,174291.5
173107.25,186192.75,271324.75,365418.25,153071.5,155306.25,236758.25,223763.5,106338.25,194033.5,202604,20810.75,219264.25,33157.5,39099.5,80693.5,57872.5,47906.25,80538.75,51977,106166.75,98213.75,151271.75,106258.75,45024.75,39477.5,196294.5,124781.5,249978.25,219112.75,204272.75,409713.25,143962.25
161507.5,163034.25,156333.25,193613,73029.75,96681.75,83352,75674.75,70014.5,48672.5,77950,2610.5,88716.5,31751,19266,38975.5,48734,61205.25,66471.5,41599.25,73388.75,92689.75,125369,55468.5,27875,63272.75,161416.75,57559.5,81490.75,84447.5,112295,180438.5,34771.25
377739.25,253296.25,197017,464471.75,212314.75,81935.25,298529.75,212533,35152,331950,269058,171393.25,417819.75,60426,78727.25,256720,208655.25,145579.5,171010,141267.5,244602.75,193586.5,265519.5,66057,29759,184737.25,285696,20149.75,103437.25,306296.75,78848.75,350577.5,55358.25
492008,371554.25,303883.75,669512,286115.5,215722.75,152775.25,463569,155881.25,341728.75,434228.75,190044,384340.75,152020,143769,243118.75,208466.25,320736,258119.5,75269.5,280125.25,403387.75,488585.75,90993.75,31375.25,309982.75,492206,29256.75,122687.5,331780.75,77305,314519.25,12428.75
140913.875,301854.25,155387,274917.25,151292.875,113291.25,46004.75,198262.25,52154.75,81002.375,230451,12591.5,139140,174133,98001,30101,170126,315715.25,107324.25,13465,218611,246043.25,242293.5,36827.75,10733,76049.25,256519.5,69664.25,72457.25,142606,163319.5,387626.75,4406.5
101461.75,195575.5,145012.5,151366.75,69529.125,58176,90648,48810.5,15549.25,54203,142989.75,4978,76959,106798.5,50936,36269.75,56891.75,57910.75,61507.75,12091.25,63744.5,90418.5,84115.5,17189.75,11712.75,54128,104781.75,9545.25,21039.75,73238.75,22180.75,47275.5,116
186414.125,273439.25,262054,398361.25,252768.5,186104.25,206668.25,204812.75,187173.75,251872.625,222746.75,13770.25,211398,325701.25,219911.25,84425.75,221499,476667.75,258504.75,22774.25,313663.5,351830,348904.25,53376,16058.25,328181.75,431659.75,71902.25,122007.5,231807.25,194469,487815.75,75477.25
105637.25,176934.75,145491.75,382394.25,139223.5,158989.5,101267.25,64388.5,108348.5,160505.5,146189.25,272.5,115852.25,269049.75,245648.5,132955.75,112280.75,218864.5,194103,52519.25,143593,178794.75,310149.5,110264,9801.5,102082,257832,49134.75,84882.75,40361.75,101561.5,416846.25,34042.5
5102,29007.75,26697.75,68165.25,12915.375,18572.5,15778.25,7659.25,12311.25,24579.5,23917,563,17219.25,40101.5,33140.25,41130,20406.5,8617.25,17957.75,8315.5,31106.75,17310.75,17933.75,44219.5,4205.5,6399.375,17434.5,2381,9439.75,4183.25,5872.5,18603.25,1878.75
17212,24648.5,33364.25,105227.5,35758.5,8182.75,28741.75,41611,3550,15060.25,66738,21163.25,12665.5,54708.75,80094.75,1790.5,74089.75,179710.5,27316,1135.5,119625.5,124314.25,100188.25,35196,165.75,3826.25,70305.25,10344.5,3236,37416,41977.75,164451.75,5524.25
5197.5,15999.25,22558,48328.75,10003,11945.25,14686.75,10911.5,697,7513,26032,6195.75,6008.5,10528.75,6678,634.5,10874.75,19838.25,13928,145.5,12273.5,13739.25,20334.75,2956.75,31.25,4580.25,17907.25,2536.75,6969.5,13073.5,3110.5,21025,506.75
14637.125,50242.75,81695.75,77403.5,18471.25,34360.5,24784.625,23872.5,7902,14144.625,41152.75,12832.625,12256.5,32034.5,38179.5,18079.5,17628.25,47910,45685.25,16718.25,40749,49404,40133.25,10257.25,1798.25,15816.25,33114.25,4865.25,9698,7672.25,2476.25,6804.75,4199.5
160065.625,152389.5,380051.75,577004.75,203968.875,192551.25,291877,278642.25,35103.25,176358.875,407121,143905,106310.25,373436,380705.5,118569.25,304408.5,693900.5,337331.5,128036,452419.25,439854.75,442649.25,56710.5,21368.25,161632.5,363633.5,23512.75,59033,238868,81460.75,308623.5,3877.25
206664.5,34412.5,199689.5,655776.25,194236.75,249900.5,209185.75,184915,76341.25,165598.25,250810.25,125596.75,30427.75,265622.5,353261.5,118487.5,190835,706917.75,315471.75,102754.75,319397.75,471093,417443.75,58587.5,4757.25,66918,337199.75,7532.25,23827,201270.75,39295.75,242445.75,1213
220792,86294.75,291853,729335,188246.75,313298,254965,136237.75,116129.5,234345,249413.25,120064.25,35429.75,279178.75,360530.5,176419.5,215857.25,876093.75,397602.75,92403,578033.5,441118.75,445151.25,38527.25,16502.75,126138.25,374616.25,7112.5,30028.75,194376.75,3870.75,84713,729
25373.625,4602.25,88463.25,232655.5,38023.5,52062,97026.75,99408.25,703,14893.625,82580.75,227,6701.75,40332.25,36737.75,13939.75,55387,221465.25,118774.5,11219.25,202121,150195.25,144393.25,21030,9056.25,49854.25,185277.75,1357.25,13383.75,132645,1186.75,189,317.5
60725.375,24989,123307.75,437238.5,107244,104141.5,59071,167610.75,44490,47889.125,121706,1657.75,6157,4556.5,17415.25,59349.75,68460,206512,212557.75,45424.25,247433.25,194459.5,206194.25,44254.75,10027.5,70736.375,232648.5,15462.5,41547.75,124018,2606,1659.5,0
149914.25,90680,328453.25,873982,118716.125,108472.75,261231.125,561384.75,9447,173978.75,559752.5,82426.125,36966.5,7584.5,22875.75,120870.25,60536,186267.25,55264.75,24409,298565,279542.25,272274.25,19370.75,2792.75,4381,198679.75,36028.75,61265.5,286230.5,210936,642607.75,0
276031.375,184392.75,402755.5,798858.75,211274.25,311548.25,246986.875,382769.25,114426.25,183171.125,364604.5,168225.625,41671,51030,119585.25,260089.5,140096,288262,381942.5,121344.75,300343.5,412395,365555.25,35797,5310.25,45756.5,298364.75,56146.25,111113.25,240132.75,54851.75,250994,7441
388689.75,320826.25,584131,899566,176142.75,281876.75,158943.75,251547.25,229445.25,164946.5,86354.75,129453,40576.5,5614.25,40157.25,73251,64102,656800.75,425074.5,27598,378003,677294.75,317482,43333.5,20576.25,55697.5,382248.5,18516.5,125512.25,359115.75,74066.25,379891.5,3662.25
445316.625,504963,827073.25,926960,311004.625,597290.5,252078,385754.75,435926,305190.375,137857.25,204017.5,208906.75,214277,127855.25,160861.75,267278.25,723254.25,359626.25,38303,510936.75,620397,305665.25,83183.5,16688.75,154547,559830.5,7837,284107.5,582151,119858,446200.5,8407.25
25361.875,72556,130643.25,151611.75,20948,58688.25,34131.375,41736,5366.5,6129.125,45139.75,16500.375,3512.5,15029.75,12854,22330.25,14552.25,50503.75,41544.5,2958.5,32706,53035.25,53185.25,6790.5,748.25,10996.5,42992,1097,6717,31358.5,3440.5,40656.75,1341.5
115379.125,521871.5,455410.5,572712.5,153558.125,358918.75,46133.25,244379,133695,66389.375,242648.25,108833.25,114220.5,121821.5,42811.75,69104.75,119715.75,293721.25,167721.25,38485.25,252658,252231.75,203788,72775.75,5329.75,50584.25,178432.25,9539.75,83710,271626.75,84348.75,291770.5,706
23498.75,145090,185390,143019.5,33288,73510.75,31592,68060.75,5639.5,21055.75,99381.25,26294.5,43628.25,21636,20047.5,51965,42792,79943,105263.75,17551.25,73816.25,92771.25,100661.5,22312.75,10973.5,22746.75,111287.5,2048,27769,64216.5,15320.25,36343,1107.25
6283.25,44177,81864.75,48053.75,8121.25,42374.5,9082.75,10441,6051.75,2337.75,6215,5388.25,5038.75,8963.5,2610.75,1226.75,15622.5,26365.75,10999.75,0,18614.25,24702.5,24559.25,5199.75,172.75,2043.75,28106.75,383.25,6019.5,19127,1097,100.5,0
24942.375,115019.5,153159.5,88201.75,29906.875,109125.25,30337,44881.25,23118.5,8819.625,39908.75,18849.75,7738,40675,35460.25,20369.5,39069.75,110048.25,70005,1634.25,75819.75,80868.25,86227,22646.75,2997.5,7072.25,76181.75,3429,10862,40617.5,9190.5,10570.75,0
95474,116049.75,294894,270283.5,65996.75,133467.5,80846,57111.25,9364.5,31635.25,118423,44271.5,12018.75,46663.75,48360.75,35898.75,79705.25,293923.25,142132.25,6731,152966.75,191815.5,192162,24393.5,5488.75,13816.75,108954.5,7389,8121.5,112738.75,62604.75,143670.5,0
15310.5,77422.5,123542.25,114093.5,12472.75,30301.25,23833,31844.5,28.5,1945.5,27828,9470.75,719,3199,5532.25,15119.75,17208.25,57506.5,33654.25,0,25878.5,57356.75,61056,23992.75,4359.5,778.25,11459,773.5,706,4937,4413.25,14628,0
11188.5,682.75,80043,83137.5,23150.5,38631,34398.75,19867.75,9579.75,13405.25,38529.25,12374,40069.5,13003.75,2224,789,13808,37762.25,3412.75,188.25,1288.25,14914,56881.75,13360.75,0,7734.75,97931.5,11290.75,43421.5,86778.5,53517.75,110195.25,37916
3510.75,497,3899.75,5223.75,7220.75,11571.75,6096.5,1983.5,319.25,5026,4641,4978.75,13544.75,5910.5,3141.25,3185.25,5473,4886,3239.75,4181,6860.5,9042.25,23713,22751,4703,14620,39346.75,5716.25,40099.25,41032.25,23067.75,49720.25,15234
10036.875,4344,12823,26386,8914,33956.25,7196.375,8325.5,862.5,1522.375,13605.25,2829.375,1689,1418.75,1943.25,3821,676.25,3097.75,723.75,77,0,276.75,48826,15342.25,1627.25,0,850.5,1042.5,10656.25,19579.75,46777,129426.75,4434.75
4575.375,334.25,926.75,12282,22157.625,6300,16262,3344.5,1837.5,2437.625,51333.5,16053,9230.5,35982,23476.5,77297.5,29356.5,41987.5,47100.5,25328.25,13117.75,31585.5,115868.75,70720.5,5267,957.25,20758,682.5,20994.25,20979.5,125467.25,449174.75,28666.75
3796.5,367.5,4556.5,2770.5,6324.125,6209.5,5085.375,10317,4062.5,3656.25,2089.5,5703.125,20424.5,17447.25,21198.5,7372.25,24125,21415.25,15361,4286.5,7432.75,24716,4920.5,29820.25,5931.5,3221.5,12079.25,3452,8617.75,16612.5,16697,2744,3603.75
9844.625,4984.25,26600,21272.5,25549.375,20327.25,499,48777,12221.25,13171.125,10544,32470.5,93776.75,88169,98020,7846.25,80869.5,57892,42467.75,22313.75,29527.25,75819.75,9039.75,139690,28475.25,22888.5,40382.25,11042.75,16933.25,98649,80309.5,20799.5,54146
20314.75,3987,36920.75,26824,34984.25,37234.5,1338.5,92220.5,19426.75,14902.25,5152.75,34057.75,71311.75,116349.5,174979,23172.25,111918.25,96073.75,62904.5,52022.5,66266,155995.5,39436,188817.5,69632.75,106433.25,58943,8349.75,10021.5,20496.75,15982.5,4335.25,4281
40638.5,46546.875,62818,57508.25,38407.375,57850.25,16463.375,20654.5,12357,9103.5,25450.25,16357.875,41124,2407.75,6289.75,25232,11803.5,12591.25,4863.75,12148,22444.25,29905.75,25989.75,8062,1611.75,14098,28321.25,6833.25,31097.25,29050,4777,45564.25,4969
184817.5,99099,152776.25,246749,142950.25,220674.25,74243.25,73407,50482,56919.25,115838,77214,219101.75,26106.75,90331,125282,61605.25,93531.25,60344.25,65928.25,81328.75,98607.5,85922,85279.75,22346.25,56833.25,136718,45090.75,176450,156518,50840.5,170736.25,78358
236599.375,121075.25,250265.5,422692,195401.125,345019.75,80594.5,80627,87925.5,55611.875,175899.75,80408.75,221749.5,32251,48035.5,112818.75,26172.25,31956,61008.5,47072.25,68393,98178.75,111158,82662.75,9118.75,42517,142594.5,42787.75,209323.5,182085.5,63263.75,342324,137269.75
181189,59575,113209,250992.5,128587.625,172463.5,27046.75,26508.25,9068.5,11801.25,67313.25,15935.25,149216,21108.75,40834.5,100057.75,22432.5,25278.75,73867.75,46947.25,80725,127161,88641,48632.25,7872.5,26912.25,90072,28652.5,149730.5,158955,56824.25,200839,44169
276660.75,146948,267011.75,498750,208958.125,328405.25,124000.25,129473.75,44076,20520,149994.25,16644.75,217941.75,37620.25,73794,179039,43531.5,44326.75,75820.75,42872.25,74730,110194.25,107512,38396.25,10948,20048.25,85203,25343.25,150343.5,260342,138807.75,450070.75,94281.25
378286.375,195238.25,294499.5,793843.75,306097.375,379183,47961.25,61639.75,104697.25,112598.625,252438,21234.5,466048.75,15759.25,77052,380742.25,117926.75,80286,210445,108398.5,121803.5,208651.25,249122.25,39701.25,1346.25,22928,188989.75,70689.5,379326.75,539246.25,68235,508808.75,45218.5
797791.625,350119.5,533980,1403789.5,618475.75,907855.25,85810.5,229970.75,161244.25,225363.625,442655.75,80320,729109,63965.25,188799.5,523367.75,190147.75,228741.75,261508,198377,300568.5,258651.25,431341,271683.5,108108.25,103483,287584.75,209796.25,594102,699193.75,295847.75,964567.25,197514.25
765649,239008.25,324388.25,910555.75,463308.125,722246.75,61560.5,152341,162114.5,152743,242249,41675.5,312022.75,13024.75,90459.5,275185.75,74285,107338.75,125342.5,109978.5,308724.25,263628.75,476423,366949.75,122625.75,138862.25,301985.75,252489,538910.5,470051,178845.5,652345.75,170722.5
723674.375,320445.25,261677.75,855544,540839.625,910032.5,24271.75,358619,323628.25,251011.125,385769.5,110046.5,547748,38477.5,124279.75,390237.5,108862,93276.25,169240.75,172713.25,577191.25,283341.75,491280,428133.5,59718.75,92295.5,275763.25,170985.5,569111.25,555926.75,119420.5,543740,156466.75
902083.375,511048.5,559941.5,1010724.5,743063.75,1037705.75,10752.25,383130,70776.25,82271.875,216682.25,47550.75,196052.75,102414.75,499806,724326.75,319686.25,297442,413659.75,563633.75,1111196.75,877000.25,1380805,783333.5,80025.25,392106.25,1285714.25,797753.25,991253.25,767041.25,523667.25,1332956.5,271470.75
98030.5,27951,62523.75,201001.5,79351.25,250175.75,3941.75,19214.75,10650.25,8046.25,26002.25,1654.25,10356.5,3097.75,17593.75,59604.25,13921.25,48602,86119.75,73891.5,68665,77213.25,238328.5,142895.75,11009.25,11753.25,59391.5,56808.25,226087.75,124698.25,68108,289702.5,16622.25
174763.125,94855.75,246764.75,356588.5,186908.25,325527.25,3826,66422.25,6650.75,30461.375,81807,6839.25,96846.25,6866.25,32477.75,137073,45417.25,239568.75,163393,149096.5,120673,164096,431125.25,247013.25,40463.25,70001,273181,157869,321438.5,148505.5,103967.5,377779.5,29863.5
168229.625,86863.25,163444.5,224073.25,102024,118789,50094,156906.5,4123.25,46916.375,98079,37,58611.5,16798.25,55529.5,88554.75,45391,110244.75,56471.5,74136.5,100776.25,121307.5,151544.75,108032.25,54563.75,83757.75,128622.5,51373,142253,45871.5,68687.75,115227.5,51540
86381.375,40126.25,114337,224406.5,57570.75,90717.25,29981.5,102583.25,3298.5,26838.625,65154.5,2147.75,31525.75,6469,24723,26982.25,16931.25,61186.5,4205.5,14598.5,29438.25,72186.75,114147.75,58514.25,10443,29638.5,64345.5,15818.5,82442,30910.75,30242,48364.25,18242
20764.75,15211.75,58115.75,90633.25,19295.5,41288,3532,15121.25,0,1139.25,7051.25,1733,14079.25,1511,7878.25,23917.75,11579.25,16270.25,881,3662.25,4687.75,19396.25,27830.5,21034.75,9656.25,7630,27202.75,7517,32612.25,19965.25,7749.5,18727.5,858
291227.25,155849.5,365117,737744,288343.375,345770.75,87825.25,277705.75,52639.5,102034.25,239587.75,10978.5,249113.75,80116.75,226845.25,394769.75,123306.25,249536.25,72212.25,87377.75,178037.75,270472.5,462231.75,233172.5,110737.25,85357.5,358396.5,161829,378585.5,343947.75,174418.25,583350.75,213463.5
460575.125,222165.75,427002.25,1035192.75,527785.5,438960.75,27103.5,217587.5,81977.5,147642.375,296260.25,42277,344418.5,54280.5,313575.75,748591.25,315073,290424.5,180401.25,264919,344908.25,416236.75,904927.5,552897.75,221544,205053.75,639134,397281.25,867722.25,670451,171609.75,774298,337700
257649.125,148510.25,298223,875433.25,399372.5,349895.5,22630.5,260651.25,34069.5,97908.625,167159.25,30843,240668.5,57466.25,236932.25,455079.5,183099.75,274176.25,101452.75,154552.75,241493.5,303783,610965.25,336128.75,152958.75,135952.75,353315.75,183151.75,523397,456117.5,148484.25,521168.75,222381
451024.625,358993.75,489383.75,1452351.5,735474.25,620962.5,10638.5,215001,31898.75,110423.375,178520.75,50723.5,379209.75,39871.5,210962.5,609889.25,294220,329498.5,189412.75,217326.5,353466.5,348279,495412,482032.25,225914.75,187322.75,594855.5,385707.75,945565.75,788684.25,182582.5,814290.75,337858.25
429537.375,299204.25,443475,1318755.25,618790,524404.5,35329.25,159983,64912.75,123867.375,210340.25,33469.5,268502.25,63546.25,192377.5,530572.5,185448,289282.75,162948.25,207893.25,366546,371721.5,501149.5,498929.5,252578,196621.75,582341.25,409679.25,788262.25,564659,119624.5,443468,66092.5
8268.25,16446,45138.25,293902.25,68386.25,107060.25,898,22622.5,82.25,249.75,4581.25,0,7149.5,392,3006.5,27130.75,5197.5,8211,872.25,1153.25,3399.25,7121,24136.75,31467.75,4880.25,8645.75,41337.5,31631.5,93670,62510.25,5156.5,56699,5722.5
43155.25,74435,201168.25,731544,216056,298228,10068.5,64092.75,19670.5,27795.25,63863,491.25,14014.25,7726.75,35033.25,103808.75,37952.5,70453.75,15348.5,22158,71626.75,72926.5,137077.75,128234.25,8553,14950.75,104854.75,118724.5,306199.25,203966.25,54892,203789,68422
198463.625,215541.25,391468.75,1399955.75,385449.25,583850.25,2087.75,25135,42337.25,45574.875,107036.75,3727,73700.5,11276.75,56307.25,271299.25,69624.75,82704.25,5358.25,17034.75,91523.75,61034.25,146821.25,154124.25,3648.25,9055.75,40618,69908,238082.5,227476.5,65823,256020,160092
410594.375,320180.25,421820.75,1317162.25,432619.625,559636.5,2930.25,114284,81074.75,73129.375,131435.25,9113.75,124312.25,39787.5,91996.5,321530.25,102270,118252,46706.75,87332.25,243453.25,137096.5,176735,214106.75,15090.25,41508,106502.25,75268.75,240057.5,296441.25,103488.75,285513.5,250956.75
42757.125,66983.25,133422,364871.25,83019.375,139617.5,4628,48109.5,12021.5,6255.125,9794.75,288.25,12403.75,7398.5,31676,85195,43529.75,31314,7409,9423.75,22284.5,13361.25,35015,32391,776.5,4309.25,41423.5,14297.5,69228,42143.75,5393.75,15266,6009.5
302603.875,291044.5,422569.5,1443510.25,501245.75,503333,72315.625,118185.25,30746.25,31867.125,85924.25,1135.5,124787.25,28366.25,95461.5,294485.75,51212,68123,24053,22257.5,67286,28660.25,96833.875,88397.75,1026.75,6094.5,38385,23796.75,196391.25,278235,81251,275531.5,203403.5
581722.75,257696.75,454079,2251173,840409.75,495499.25,84257.5,501383.75,54575.25,92615.5,224119,6652.25,159850,93320,163023.75,86404.5,45119.5,161924.5,6698.75,5635.75,41512.25,66259,143716.75,80428.75,408.5,180,37507,215467.25,389037.5,242651.75,60649,197254.5,121608.75
352190.625,240657.25,216060.75,1290530.75,501368.5,251490.5,83834.625,305084.5,21027,41734.375,78482,21028,96029.5,15545.75,100385.25,171958.5,17985.5,51888.25,43510,50447.5,135535.75,171363,177886.125,116704.75,8639,24163,229654.25,139971.25,417995.25,559771,18341,94684.25,111981.5
425553.625,276821.5,220725.25,1118950,493162.125,199663.5,133838.5,509409.75,6513.75,27729.625,175739,28249.75,267483.5,178436.25,250351.25,111362.5,133591.5,295657.25,45943.25,31860.75,273631.25,249140.25,142897.5,36321,14778.75,59199.75,384083,75103,304192.25,475619.75,27027.5,299940,155528.25
319534.875,143364.5,175929.5,1237320,497498.625,190632,94388.25,491019.75,5165.25,15367.875,89513.5,27062,133380.75,22167.5,194413,277495.75,9582.75,54003.25,176094.5,81603.25,65152.5,168668.25,165680.25,62667.25,4731.5,20152.5,389992.75,135893.75,321634.5,517042.5,67077.25,327121.25,144417.75
195711.25,130780.25,169080.25,1508949,531906,176155.25,82763,417746.25,1428,9767.75,118140.5,8739.25,97278.25,18603.25,174559.75,256658.25,868,13981.75,186185.75,86808.75,29158.25,135205.25,171862,34391.25,1041,109.25,163115.25,74781,209364,266285,38969,215788.5,37733.5
450764.5,154398.25,260295.5,1942609.75,890438.5,294537.25,120884.75,556825.5,21440,31810.25,175275,6616.75,130335,48008.25,277909.75,641656.5,2096,14978,382553,255209.5,83605.5,221851.25,182926.5,82207.25,12696,4230,447461.25,195960.75,207368.25,266075.75,118855.5,646002.25,35902
601752,210496.75,300832.75,2461878.75,1126530.25,331285.75,199057.25,788300.5,32156,70045.25,346843.75,7891.5,245191.25,190258.5,597232.25,908227.5,10576.75,202012.75,620193,344098.75,125345,500977.5,300565.25,92034.75,10198.25,84807.75,894971.5,258669.25,272882.5,406489,150361,1027691.5,42397
412213.25,213365.5,147955.5,1651857.25,757525,238914.5,134870,544676.5,10620.5,32063.25,292232.5,9128.25,179732.25,91842,347080,512758.5,26757.5,125722.5,248233,119292.75,83365,171803,148469,28672,5662.5,28753.75,363852,27732.75,117633.75,281191.5,87639.5,554536.75,30214.5
564606.625,228946,196796.5,2126252,1083702.375,284425,205701,690286,1344.75,30898.625,209581.75,17366.5,241634,120374,589139,750734,13802.25,155572.25,558472.75,235775.25,150177.75,257200.25,300851.5,75837.25,18162.25,122077.25,883309,57040.75,336030.25,921856.75,104639,780354.75,47324.5
755307.875,206825,254796,2446934,1085378.375,443725,119552,646471.5,23229.5,46208.375,235422,17061.75,300996.25,202715.75,752430.75,600561.5,23387.25,137952.25,143960,83711,42265.5,87640.75,142493.5,12356.75,2599.5,10964.75,448342.25,88495.5,117506.75,278722,16497.5,438018.75,28033.5
415682.75,59195.5,75400.75,1219043.25,716858.25,302677,55185.5,152096.75,10036,23451.5,99932,17238.25,231107.75,37896.75,322087.75,459718.75,2472.5,21926,129645,56569.75,65354.5,58552.75,66609,1188,477.5,11119,283090.5,111787.25,116536.75,157659.75,23369.5,294822.5,9648
460490.25,133556.5,79574.5,1292704.5,619502.25,345017.25,68087.5,392831.75,30276.75,40720,133305.5,24158.5,246012.5,5289.5,115669.5,527105.75,6057.75,6392,79056.5,44787.75,152405.25,55014.75,36800.5,53692.5,13213.75,1233.5,211439,134317,248433.5,305361.5,59302.75,384301.75,67426.5
666500.375,199049.5,176529.5,1453713.25,725554.125,416642.5,104587.5,444898.75,68525,74034.375,176993.5,4961,195732.75,23542,231961.25,631402,7019.75,37406.75,151433,70600.5,158992.75,94727.25,69688.25,65419,4296,7634.5,363992.25,128854.25,265892.75,508706.5,49398,359566.75,44448.25
600596.25,227537,243211.25,1945436.75,912917.5,426813,108697.75,595089.5,70213.75,48695.25,156352.5,3563,83068.75,32727,356075.75,1044436.5,2989,30610.25,140816.25,63118.25,130674,127108.25,113794.25,53014.75,2544.25,11054.25,559533.25,215501.25,365495.25,696473.75,45549,886255.75,80691
172359.75,67146,35332.5,334014.25,187672.5,95704,25236,51917,7393,20809.5,35348.25,5978,80853.5,19419.75,199860,354084,36575.5,125771.5,159113.5,61014.25,261886.25,205696,313296.5,247508.75,11312.75,59712.5,402346,278814.75,414003.25,243105.25,28377.75,364785.25,19825.75
407084.75,148601,155378,877435,492848.5,203567.75,56425.5,222353.25,87465.5,119525.5,148420.5,10482.25,365298,76043.75,322153.25,553978.5,200424.75,704495.25,330528.75,79851.75,507965,263080.75,575178.25,715972.75,6560.5,283383.25,805718.75,557294,681741,340020.75,37810.25,579202,6121
189123.625,146855.75,94983,511580,347103.125,93209.25,42031.25,44801.5,26976.25,34282.875,52402,2884,189860.75,15668,140943.75,326829.75,41178,351590.75,178973.5,58471.75,210750.25,107609.5,316014.75,363532.75,4959.75,51439,332735.5,253816.75,580226.25,181858,10427,292046.75,1621.25
136261.625,53877.5,80364.5,286768.5,146903.625,113703.75,73152.5,119005,38895.75,10309.875,17035.25,627.25,41360.5,30300,226100.5,356135.75,24244.75,278568.75,106109,46760.75,193674.5,204171,380659,311239.5,6481.75,148669.75,555847.75,228935.25,574747.5,314675.75,16516,257061.5,20989.75
104014.5,43940.25,59935.5,175639.75,87053.125,47546.75,13697,20064.25,8769,2932.5,355,0,1349.75,8915,87124,198800.75,13656.5,127429.5,47395.25,50854.75,152152,176783,283737.75,229588.25,9127,89749.875,302404,143153.75,353514.25,221926,16325.25,197044.75,4016.75
603944.125,165826,331256.25,1085377,401826,219463.75,74541.5,225112.5,77531.75,101858.625,81975.25,658.25,160228.75,136078.25,546413.25,1047200.5,136694.75,414810.75,207334,142388,244669.5,312644,538819.5,589947,51986.75,104711.5,363779,176076.5,341214,238260,37774.5,236249.5,22787.25
583702.25,474528.25,501817.25,1083293,490970.125,190145.75,182197,587619.75,128906.75,206872.5,325270.5,3197,432078.5,369550.5,562825.75,913354.5,395326.5,973550,387579.25,145707,492164.25,678754.5,846661.75,693441,256675.25,466388.625,666267.25,405077,496226.25,284675.75,156605.25,452083.75,83454.75
14735.5,11074.75,22847.5,37588,31005.125,8883.75,39881.75,52495,12288,8722.75,27545.5,486,37430.25,10286,31245.75,42342.5,37923.25,108210,7421.25,8333,60629,89328,137015,87280.25,6777.5,40499.875,170787.25,53487.25,122958.5,80574.5,31483.25,127377.75,12277
5798.5,0,4513,5701.25,32235.25,17932,28619.25,15070.75,3193.75,4402,16180.5,0,24168,35353.25,39383.75,28170,22206,123419,46035.5,36500.5,95708.5,100659.25,78682,48957.5,19803,45050.5,136394,82029,135520.5,78358.75,9537.25,79362.75,44216
48223.125,19429.25,22543.5,34959.625,69280.125,95845.75,52201.25,6458.5,20881.5,29216.5,87293.5,2111.25,93810.75,60783.25,78148,81752.5,28295.5,214289.25,125094.25,60355.75,96829,146616.5,96439.25,28364.75,3794.25,53103.5,141439.25,62430.75,155440,62095,3196.5,110009.25,39747
51865.875,50799.5,35673.5,105963.625,77845.875,89249.25,63111.5,11095.25,29004.25,27601.25,65121.5,5770.5,138859.375,108462,127171,115733.25,70132.75,237742.5,107661.5,49150,154488.5,192818.75,127684.75,24621.25,3422.5,54731.5,158401,62756.25,188268,89843,13786,115219.5,50495.25
86041.25,41820.75,24147,147995.125,105806.75,135745,72708.125,42525.5,59194.5,42595.25,54526,15068.75,174433.5,127399.25,181236.5,140088,109672.25,268500.25,161185.5,91218.5,197134.25,220639.75,121237.25,22329.75,4073,30399.25,117073.25,64264.5,175967.5,95891.5,5405.25,18178.5,28466.25
40434.25,5511.25,1218.75,33582.75,52068.75,90466.25,42467,51804.25,11759,16054,35584.25,5891.25,130695.5,31772,30852.75,56979,55779.75,86684.25,48505.5,40617.75,95349.75,104624,85689.25,25539,9396.5,22075.75,61504,55659.75,117057.5,49076.25,2040.25,69903,75393
1360.75,0,384.75,2031,6735.5,9733.75,6320.5,9065.25,6023.25,4423.25,1599.5,8542.25,44451.25,32525.5,15184.5,9607.25,12303.5,9785.75,29968.25,16274.75,18657.75,26245.75,3048.75,25947.5,4996,8832,2609.5,1687.75,6497,9565.5,7539.25,1499.5,311.75
37065.5,3844.25,1112.5,5354.75,35411.25,27686.75,34422.5,12876,1885.5,943.75,2848.75,26825.75,127335.75,74169.25,55956.75,71687,102174,49925.5,77435.25,19339.75,64172.25,49529.75,19217,175358.25,18253.5,19963.75,44168.5,42016.75,74345.75,132563.5,63534,66728.25,37553
106302.625,117305,209618,208183.5,135196.625,71229.625,105736,102295.75,37027.875,106302.625,106302.625,58598.125,131441,97536.25,101962.25,168799.25,87948.25,80344.5,42563,71744.25,136683,262250.75,325151.5,217877.75,301291,236185.75,270941.25,42506.75,97343.75,61816.25,70447,104635.25,88880.75
105852.875,218387.5,282638.25,280922.5,93021.5,60172.125,86984.5,95695.5,32047.25,77441.625,77441.625,78313.375,48293.25,41860.5,75550.25,141479,31255,67410.5,35470,32016.75,91519,302872.5,493752.25,228318.25,264539.25,314698,437268,35572.25,55299.75,30997,31636.75,78259.25,54770
67908.375,171949.75,163833.25,138792,48441.25,38314.375,45060.75,61495,26832.5,27904.25,50992.875,25075,51274,37629.25,38596,84065,26496.5,45262.5,25812.5,22459.25,54003.75,125816,213370.75,109297.25,122994,171622.75,209978,35764.5,24089.5,10738.25,66305.5,57795.25,27920.25
1169.75,9841,29700,41621.5,31858.25,1758.25,22539,14741.75,4169,2638.75,2697.5,1648.25,12914.75,910.75,2426.25,6347,328.5,1982.5,229.75,775,520,3350.5,36205,19858.75,20311.5,33853.5,45057.5,1561.75,8279.5,2697.5,0,99.75,529
225670.5,347653.75,456906.5,363455.5,247520.75,105998.75,203629.25,173103.5,36751.5,112107.75,174523.5,105678.75,153997.25,109790.5,222691.25,278817.25,41278,145315.75,66611.75,38295.5,138502.25,218281.75,498149.5,303232.75,354761.25,429571.5,534097,69412.75,214547,124070.75,49139.25,174392.75,210402.75
131253.5,123947,262441.5,261507.875,143430,93932.5,57046.25,105100,10154,77168.875,55613.125,70020,99563.25,137814.75,143487.25,213859.5,208749.25,163384.5,42041,22633.75,76156.5,92980.25,199669.5,101905,180199.75,167279.5,237159.25,98218.75,71735.5,4497.5,64862,123994.75,49389
62093,51908.25,130391.5,70361.5,96136,65900.375,34818,76202,56187,70211.5,67999,50002.75,62246.25,130462.5,74539.75,150756.5,116152.5,90595,21898.25,58714.75,62707.75,120638.75,193759.5,114530,186671.25,131989.5,268422.25,115734.25,142498.75,22623,110183.75,113834,25930.75
17704.875,16988.375,54407.5,18568,50900.75,33405.5,21690.625,22024.375,18873.375,16452.875,17291.5,0,1531,1888.25,6001.75,26710.875,96937.25,47032.25,12720,4366.5,21836.5,77531.25,64858.75,43433.25,8089.75,5815.75,37716.75,27734.5,76211.5,4863.5,365,21505,5641.5
22485.25,22696.75,89394.5,49816,79030.875,90394.375,35440.5,51859,30975,17783.625,27473.25,6738,5999.25,1744,10542.25,42493.75,31963,11409.5,36876.75,13838.25,25091.75,49478.25,41502,25984,2984.25,19815.75,49832.5,33034.75,76264.5,15712.75,9180.25,22745.75,340.25
5900.5,8773,20329.25,11561.25,28458.25,26819.5,53165.75,75247,32252.5,31114.5,22246.25,6599.75,77071.5,58754.5,47425,65607.5,147257,138330.5,56504.75,58209.25,45877.25,89524,56455.75,70191.25,23820.5,27568,8869.25,15322.75,41282.5,51913.25,123244.75,106545.25,20780.25
14166,31730,43355.25,21191,72683.75,35120.625,22809.25,120279.75,1609,1520.75,59974,97661.25,92964.25,30586.5,156952.5,392016.5,414858.5,363483.75,271691.75,3707.5,124585,3651.5,17446.75,53983,1711,4804.5,51287,43281.75,237634,195355.75,1827,54094,404540
244109.25,337916,350280.75,202822.5,401520.125,158238.25,273734.5,383093,712.5,103.5,154741.5,126245.25,157634.75,43555.5,211571.75,498300.5,536141.25,392058.25,417781.25,16660.25,302469.25,822.25,113855.25,192285.75,0,8529.75,314754.5,154628.25,336848,289265.75,29097.75,387371.75,612505
75036,118826.25,39578,59244,72745.625,67636.5,23151.75,110096,7892.75,243.75,15900.75,833.25,8610.5,10753.25,17580,10504.75,16356.75,13608.25,28700.25,17107.5,18819.25,5675.75,35594,26091.75,3838.5,26799.25,89492.5,46619,91137.5,98235,88240.25,146433.75,117573.75
30919.75,67934.5,29568.5,63219.75,78219.5,75292.5,12920.25,48525.75,5288,1227.25,3937.75,0,4844.25,3762,5953,7497,23637.5,11277.75,4654.5,8323.5,1403.5,1341.75,1983,4254.75,502,7223.75,32617.75,54214.25,107524.25,63073.25,40689,84553.75,74284.75
97631.75,184983.25,175083,299588.25,158584.25,200175.5,68142.75,428175.25,266.25,13146.75,98689,3319.25,59871,78187.5,156193.25,274036.75,232511.25,103996.5,165887.5,73634.25,95440,44452.5,212902,151401.5,12822.25,151377,297890.5,146497.25,227566.75,167752.25,83764.25,272965.75,312971.25
50170.25,84209.5,98668.5,163676.5,167837.875,39848.5,20450.25,206569,1293.5,1645.5,41946.5,8842.75,5919.25,130083.75,251898.25,589101,483763.25,128435.75,386060.25,150528,109059.5,16978.25,69358.75,208509.25,10046.5,61304.25,99958.75,24385,287650,152185,49672.5,91793.5,617814.75
143534.5,209968.5,276829.75,291371.75,278575.5,167755.5,22805.75,486406,493.5,3607.5,75310.5,26582,55717.5,367507,586647.75,928701.75,552512,254299.5,699080.5,84254.5,216674,11672.75,179623.25,522539,8034.5,115172.5,276564.25,71800.25,459815.25,209136,103057.25,432690.75,673111.75
151813.5,164399.25,348993,383743,258995.75,239008.25,63157.5,452518,10045.5,11895.75,69954.75,2914,29233.25,48093,150021.75,282821.75,139427,110671.25,198607,93080,155069.75,56859,448988.25,307276.25,63709,350875.75,389521,312751.25,348022,121964.75,172972.5,655987.5,290637
413990.25,19992.75,195658.75,347669,364249.625,90933.5,14155.5,498150.25,0,6187.25,77753.75,57584.25,94600.75,70719.25,221566.75,489232,328817.5,86120.25,535589.75,10299.25,201919,89.75,20293,197803.5,1973.5,40270.25,249079,193735,376480.5,100402.75,77320.5,364571,222516
62718.75,28216,41284.5,191639,177491.5,157609.25,50414.25,450610.5,191.25,603.25,62783.5,0,15339.5,12542,48515.25,137529.75,36394.75,66489.75,215492,54458.25,106559.75,0,2144.25,58458.75,2127,32279.25,304313,236433,233097.5,4896.25,7354,193304,104767.25
597629.5,492177.5,708406,788984.5,843309,183661,135884.5,1250415.5,240.75,22981.25,169182,276.5,90520.75,115970.25,380617.75,1285879.25,624532.25,946097.25,1353603,253978.75,557392.75,96215.5,350196.75,478136,25606.75,182035.75,289470,452805.5,784609,7047.5,9043.25,704386.75,304626.5
46953.75,349336.25,513637.25,511184.5,657975.5,131997,104770.25,533349,7971.75,63831.25,69524,4840,15788,46160.25,168426.25,809588.25,563944.75,597551.25,890441.25,209617.25,429401.5,92680.25,323364.25,473539.75,25121.25,140491.5,313340.75,226348.5,552300.25,69203,45851.75,692336,288525.5
155947.75,177243.5,141864.5,329353.25,418011.25,97527.5,6507.75,530244.25,1332,111026.75,22668.25,535.5,7823.75,145205.5,279089.5,410147.75,159108.5,600603.5,850913.5,158764.75,389629.25,1604,25622.25,211390.5,25135,78289.5,510483.75,361924.25,545026.5,172884.75,13486,327009.25,457367
58194.5,32876.75,33043.75,89691.25,97400,69720.75,17622.5,141606.25,10091,26745.25,13921,395.25,11354.5,42198.25,95981,143502,82309.5,75724.25,158395.5,43205.5,104419,17107.5,12480.5,50625.75,19410.5,46347,399985.5,170727,184106.75,19319.75,7979.75,165740.25,138381
2813.5,9801.25,16799.75,96496.75,49685.25,4611.375,3823.25,160942.5,0,0,353.75,1254,1392.75,2009.5,2894.5,1721.25,1094,3741.75,948.75,2306,0,1112.5,1346.5,2304.25,131,1079.75,197.75,50550.25,49456.75,392.5,315.5,3589,814
39543,19626.875,40465.75,31777.25,53586.875,17708.375,31481.375,52376.25,26988.5,34005.75,15212.25,20231.5,40808.875,27711.75,48470.25,19461.5,45940.5,14088.75,18473,35781,18441.75,31516.5,20744.5,36654.25,9241,25083.75,9260.25,9906.75,5814.75,10227.5,18656.25,7346,9157
59922,22377.5,51148.5,84926,83113.75,17008.875,70097,84309.75,12285.25,35011.75,62523.5,626.5,85179.75,11650,5957.25,26284.25,27218.75,8603,3533.25,5408.5,5861,17832.25,5710.25,9589.5,1171,2920.5,5032.75,6030.75,17703.75,17414,12096.75,35777.75,2703.5
117248.75,64824.5,103555.5,199822.75,217828.75,167700,262245.75,305923.25,70612.5,106475,286868.75,4757.5,300490.75,68312,46951.75,231251.25,167829,54177,26176,18918.25,62511.5,74096.5,55330.5,100498.75,24564.75,31380.5,225241.5,94962,130591.75,148362.25,25488.5,243959.75,73121.5
100691.5,15981.25,90431,238550.5,321231,209361.5,311730.5,343070.25,122544.25,102052,279101.5,13659.25,320025.75,76167.5,77260.75,372041.25,369587.25,283244,156703.5,170236.5,250147.5,216179.5,215149.5,428749.25,176524.75,169469.25,350260,101266.75,207319.5,205402.75,129519.25,415297.25,127786.25
68101.25,75727,93536.25,378146.5,481044.375,314214,333317.75,467181.25,167860.5,76385.5,144257.5,3636.75,281482,38735.5,85248.75,461508.25,626633.25,627055.5,393057,464947.75,367411.25,323865.75,274721.25,693894.75,151372,169948.5,274085.75,126619,382685,319284.5,273605.5,681347.25,60843.25
57460,159987.75,145095,539205.25,574830,317137.75,331851.75,328373.25,139002.5,59871.75,191142.25,1473.25,363156.5,102131.5,70410.75,473398.25,751316.75,845543.25,792386.25,577071,499938.25,423313.25,274881.75,789036.25,96749.25,179978.75,273863.5,108753.25,205520.5,163124.25,213183.5,518043,68727
129085.75,185844.5,234927,817607,741635.375,354607.875,402876.25,256453,165447.625,42075.25,327600.5,8499,143849.5,33608.5,6352.25,174574.75,593625,1224150,881371.25,530761.25,736470.5,240846.5,174446,1055663.75,179439.75,206757.75,575434.5,72091.75,227740.5,182918.25,101532.25,393933.75,81457.75
49247.75,72036,103024.75,1015212.5,832905.875,463901.125,569972.25,382536.25,23801.125,31396.5,196943.75,2354.75,71020.25,2441.75,1546.75,8581.5,428303.75,1249093.25,670338,1082508,759383.25,49872,188074.25,432862,172571,36784.25,479995,65887.5,492509,504768.5,133920.25,227853.5,20250.75
15653.5,1254.5,48345.25,718107,524374.25,123801.5,227112.25,306623.5,13577.75,39821,139749.75,2270.5,37721.5,7831,9753,7184.25,331065.25,287411.75,100661,314933.5,321412.5,22428,94825.5,115012,139532,46264,83517.5,13271.5,316613.25,291301.25,40520.25,49419,20233.75
4514,1239.25,27359.5,155415,245472,57445.75,130132,184171.5,12264.25,20063.75,18983,0,8142,10537.75,20443.25,7503.25,37900.75,11762.75,16017.5,18524.25,17448.25,18908.75,17775.75,47829.25,21226.75,11851,72543.5,6444.5,10231.25,459984.5,141892.75,17919,1128.25
113187,6727,78975.5,135807.25,189101.375,156733.125,107683.5,94995,19462.125,32664.25,79272.25,13756.75,73229.25,11098.5,15879.75,4771.25,59783,127508.75,120407.25,134796.75,80569,13113.75,24035.25,195514.5,37654.75,22241.75,102104.25,15315.25,25465.25,281673.25,123905.25,55264.75,9626.75
80140.75,7172,91614,165377.75,276651.5,155687.25,117120.75,112705.5,11474.25,65594.5,181634.75,16612.75,130509.75,34159.75,17529.5,3769.25,119480.75,174842.5,117058.25,130057.5,129858.75,27952.25,58026.25,358539.25,85509.75,52133.75,253694,22909.5,64133.25,94831.5,56017.5,253582.25,41721.25
8309.25,10975.25,78163.75,124411.5,161057.875,59456.625,76761.25,98948.75,23960.875,32007,80520.5,13732,105763.25,30131.5,21821.5,15187.25,111594.25,118175.75,80651,31541.25,92031.25,58376.75,73631.25,112079.75,53952,38366.75,114327.5,24513.5,44843.5,34531.75,61873,149765.5,10948.25
25153.5,14285.75,62453.75,106131,117544.5,45651.375,81066.5,164164.75,19743.25,40663.5,118314,3410.75,164539.5,30782.5,27464.25,31846.75,329968.5,70480.25,172561,67653.5,280530.5,33432.25,144690.25,200917.25,93152,78207.25,170464.5,42257,63828,67294.5,61207,228674.25,625
29337.5,64954.5,215245,267922.75,198446.875,111560.375,183136.25,279682,15859.375,58562.25,230874.25,4168,237329.25,18958,27287,477745.5,564933.75,195472.75,273913.75,186423,262722.75,69279.5,245056.25,395690.5,114830.25,64411,209250.75,33352.25,66423.25,64333.75,154242.25,198018,670.75
28998.75,53237.5,197870.75,294088.75,208797,76713.875,182202.25,293584.5,30214.25,22996.25,117458.5,2790,68112.5,32799.5,32170.25,461860.25,482386.25,95529,194650.25,148353.5,175973,51972.75,147483.25,352592,158083.25,74434.5,175863,49360.25,22107.25,58443.25,193107,174871,12702.25
5672.75,5353.25,26525,52944.25,21247.25,41365.75,28773,55882.5,2872.25,7549.5,15360.25,386.5,19198.5,6161.25,1990.25,115124.25,82401.75,13260.5,33864.75,16928.25,28145.25,6728.5,39902,43888.25,30344,17973,45965,7206.75,4682.5,3250.5,27702.25,25181.75,0
13017.75,6337.5,45635,108631,69517,48300.75,28787.5,66691,1478.25,9969.75,1848.75,0,34559.25,15130.25,9931.5,97816.25,31323.25,15507.5,14093.25,2465.25,37255,6544,18193.25,19100,12170,5542.75,36149.25,1337.75,2594.25,9553.25,22857,78773.25,9514
1768.25,4388,5390.25,1412,7335,4388,12164.25,16759.25,12459.5,20446,263.25,0,16566.25,13409.75,5958.25,7072.75,15897.75,11576,5208.25,5412.75,4931.25,7552.5,8791.25,6558.75,3127,3448.75,103.25,1727,1743.75,6908,16755.25,8378,85.25
2593,1402.25,19242,5483,2988,2476.5,1145,3884,432,2938.25,881.75,0,17254,7414.5,1811,6457,3686.25,2728.5,964.5,1054,2343.75,2663.5,1942.25,2488.75,5218,7078.5,4076.75,3997.75,380,41.75,1490.5,4626.75,0
510.75,1812.5,5786.5,3562.375,1677,1186.5,21133.25,16396.25,162.25,3769.5,1022.25,2674.5,8952.5,304.25,1409,28674.75,35753.5,3699.5,2299.25,3540.25,40968,2669.25,6894.75,3393,1794.5,4201.75,32318.75,1400,647.5,916.25,4834.25,18096.5,0
4246.75,3369.125,11905.75,12823.125,7315.75,10233,8472,26276.5,4015.25,9971.25,22983,13222.25,25090.75,7195.75,3700.75,21544.5,9412.25,8656.25,13886.5,6632.25,20210.25,7698.25,7766.25,6173,8614,5349,15088,1805.25,190.25,948.5,898.75,3096.75,8512.25
29699.75,105138.75,166962.25,455890.625,466329.5,368903.75,224741.25,399362.5,217343.5,121447.75,316061,8116.75,329226.75,36408.5,7841.75,475368.5,703319.5,482203.25,363278,245308,755497.75,302124.25,428807.75,111141.75,47471.5,74099.5,632848.5,249387.75,56234.5,71307.75,212328.75,621956.5,31412.75
43618.25,26130.25,106005,222463.875,135546,139880.25,63093,186016.5,89686.75,54145.25,201343,778.5,157515.5,44045,17986.5,225183,268302.5,172372.5,174666,97505.75,230943.25,85937,119479.5,29681.75,14107,35402.5,273061.25,33232.5,38914.5,15509,70216.75,232825.75,12591
27419,59759.25,104160,172636.5,64576.75,125897.25,46965,166507.75,46533.5,31428.5,156000,2004.25,76533.125,62000,47671.25,162555.5,112748.5,104372.25,83573.75,63308.25,132827,115492.5,129115.75,6872,4174.75,9826.75,62628.5,4187.25,36227,21279.5,48353.75,120597.75,65.75
18671,99242,118858.75,152836.875,77824.25,118857.25,46316.25,181892.5,58606.75,30210.25,119187.5,1324.25,153142.75,64143.75,13582.25,93034.5,160157,92212.5,85651.5,26472,163893.5,70245.75,118546.75,8986.5,4984.75,9966.25,35471,1628,20797.5,10089,57598.25,111172,0
28466.25,10028.75,49375.25,75564,20217.5,30193.5,28174.5,85169,13085.75,21069,74214,0,38559.25,28190.25,6045.75,77466.25,30840.25,26453.5,37183,4089.5,84213,30264,58964,27333.25,31786,55638,127141.5,9572.5,9074.75,3729.75,28220.25,58654.5,32.75
670.75,6896.5,18725.75,6998.75,2094.5,6611,575.75,20183.5,27.5,15331,10987.5,0,16196,11541.5,50.5,25299.25,5879.25,5026.75,5959,6621.5,11557.5,10085.5,26724,5348.25,28332.75,23022.75,50128.75,6584.75,1228.75,507,1473.5,15466,0
397.25,2829,21839.5,15150.25,10908.5,8597.5,22255.75,48142.75,14792.75,15547.25,43509.25,354.25,11000.75,3337.25,646.75,35431,94856.75,23803.25,63573.25,1071,106579.75,8327.75,53041.25,6016.5,39079.5,33614,146128.25,12854.75,1251.5,3731,3078,21057,18435.75
4967.5,6357.25,32149.75,16815,4926,5893.125,6227.5,25816,21709.5,6992.75,11019.5,0,2668.75,15779,15638.75,33975.25,15070.25,4732.75,2789,7626.25,14738.5,27285,34966.75,3650.25,6337.25,5953.75,27543.5,4430.75,0,252.75,2176.25,5672.75,172
7183.5,10056.25,19662.5,19990.625,10701.25,5580.375,4227.5,59167.25,6246.25,2277.5,41131.25,0,22184,24658,15586.75,81324.25,14608.5,22512.5,17556.25,6509.5,40295,11558.25,32865.25,7300.75,20103.75,23306.75,95428.5,14253.25,517.75,1784.25,9019.25,29712,0
262341,123675.75,178487.75,322324.125,332555.5,40425.75,41702.75,419142.25,214411,22295,274634.5,0,217772.5,312532.25,506324.5,606353.75,386274.25,866566.75,576674.5,144137.5,544352,410989.25,534115.5,237237.5,290159.5,195699,371919.75,86055,18225.5,12261.25,143119.75,608462,170131.5
127308,57050.75,121298,174025,213628.75,33483.25,25137,174096,37936.25,38433,146631.25,0,159527.5,138232,207195.75,406027,189150.25,321745.75,227568.75,57150,335588.25,96611.25,252280.25,134412.75,107065.5,129792.25,266682.75,33687,23067,3520.75,47794.5,202332.75,33549
891,13172,65947.5,107152.75,101476.25,2922.75,1570.75,28184.5,17447.25,2917.25,7863.75,0,1156,498,2561.25,52684,87267.25,53933.75,577,126,20363.5,4586.5,42866.25,3365.75,11462.75,37701,150378.25,10607.5,19.75,171,271.5,2451,25.25
6597.5,6766.5,42260.75,61256.75,112479.75,7321.25,3141.75,23975,15621,248.5,15412.5,380.25,894,5847.75,31796.5,92505,108900.25,58892.25,4942.75,1711,17803.75,1608.25,43434.25,6617.5,2040.75,4725.75,34966.75,15831.25,305.25,57.5,531.5,14512.25,14659.5
101891.5,16378.5,42480.5,91536.875,88525,27283.75,25867.75,115483.5,37980.5,226.25,35629.25,552.75,26226.5,5581,33997.75,130824.75,33178.5,111577.75,36581.25,7931.25,93912,8623.75,100214.25,57507.25,7871,35480.25,164625.75,7693,5433.5,2104,6163,113068.25,24492.5
230447.75,61369.75,54318.75,178985.125,169980.75,74890.75,67865.75,251831.75,89183.75,6359.25,117736.5,6110.5,93478.75,5785.25,149779.5,421877.25,313862.5,354888.5,126928.25,59787,282347.5,35140.75,272013.75,132909,54644.25,97517.75,269656.25,62607.75,25939.75,4653.25,38373.75,307618.5,110305
41866.25,20785.25,40478.25,118329.5,107206.25,51424.25,57741.25,160244,55549.5,7032.25,155043,5207.75,107872.5,24650.5,125786.75,232114.25,162265,192645,79112,39184.25,224969,47056.25,201092.5,94056.25,78818,81691.25,190778.25,16668.5,5936.75,12450.25,47446.75,198716.25,84812.75
24059.5,20514.5,40807.5,62902.875,47244.5,8567.5,1773.75,57250.75,43135,1114.75,28460.5,0,8388,2279,8198.5,55536.75,56800,19166,11700,953.25,41419.5,15914.25,101132,3129.75,6150.5,6870.25,153152.75,46835.5,7230.75,2931.75,38607.75,67956,30395.25
33232.25,104808,221987.5,251893.875,136974.5,58789.125,19664.75,174710,78932.25,27954.5,102439.25,279.5,65330.5,9917,26363.25,222537,244985.5,242506,100854.25,51329.25,173351.25,78613.25,205352.75,36879,47047.75,77256.75,182629.75,75602.25,29585.75,65528.25,242856.5,350033,144791.25
266526.75,245823.5,307195.75,305510.625,271924.75,158004.625,41962.75,310337.5,208403,60499,279647.75,3600.25,235690,160947.75,210354.25,329330,206800,358678.75,421271,87973.75,570536.25,138208.25,529380.5,190077.25,114754.5,229127,504645,135411.75,34081,118065.75,240607.25,528740.25,372342.25
236034.75,263580,320476.5,419938,468945.5,160634.875,65927.25,511972.75,71871.5,77425.5,264539,5264.25,243849.75,181647.25,315735,647275.25,375186.25,293891.5,180686,64948.5,619150,288276,504300.75,293747.5,216001.75,332567,724387.25,258759.25,54506.5,46081.25,207110.5,437936.5,190739
14996.5,15535.5,56668,111304.125,58953.25,2709,112.5,86546,2164.5,0,15417.75,0,1831.75,11908.25,28669,78516.5,2655.25,2776.5,700.5,0,4626.25,371,4070,2682.75,6694.25,20305.5,79161.25,14711.25,494.75,561.5,1163.25,10249.25,6242.5
18848,18127.75,18162,23793.75,24027,1628.125,3343,1983.5,742.5,172.5,6893.25,0,2165.5,2756,8353.25,22864.5,271.5,296.5,2362.75,79,6086.5,886,7360,4307.25,10175.25,9365.25,10439.25,1042.25,1691,0,532,1336.75,290.25
40187.25,17762,85264.5,78204.375,62147,1031.25,1329.5,103571.75,11501.5,12633.75,64958.5,248.5,96747.25,38224,16421.75,169305.5,51228.25,33195.75,22088.75,21700.75,145320.25,39884,93119.75,55404.25,98452.75,71343.5,201228,21194.5,450.25,987,57114.75,57659.5,10875.25
15835.5,11628.75,90830.25,135303.625,132623.75,13571.5,1240,68686.25,7785,1447,67728,169.5,56982,12032,53631.5,201359.75,58164,22147,28009,4179.5,121019,4490.25,75132,143707.25,45692.5,63636.5,204148.75,21956.5,818.75,565.5,21690.25,57369.75,7056.25
2444.5,4365.75,47084.5,151138,433797,137599.25,17713.25,148294,65487,907,43548.25,2848.25,171,59670.5,287093.25,593606.25,103560,26924,53373.5,6200,168592,1046.75,95082.25,164387,4487.5,49296,390520.75,131997.5,0,0,95,38761.25,51754.5
3128,1669.25,15705.25,26181.625,37976.875,10757.75,574.75,23122.25,6412,1147.5,4755.75,42.25,688.25,9058.75,44621.5,95300.5,9209.25,1741,984.75,1249,1706.5,363.5,8689.5,1641.5,1772,2524.75,35750.75,25255.5,0,479,1230,7585.5,45.75
11180.25,8297.75,21299.5,19321.375,6539.5,4110.75,0,103516.75,5483.75,4918.25,20933.25,0,11259,6503.5,15426.75,96107.5,7967.25,18850.75,3758,613.25,43596,8400,42245.25,1967,9452.75,16848.5,79106.25,2765.5,2003.5,779.25,3457.75,46940.5,2052.75
56917,13203.25,46519.5,41055.25,36950.5,26255.75,10148.75,105998.75,19341,11470,36826.5,0,39240,16266.75,14898.5,133424.5,17384.25,27332.75,18389.25,2073.75,72622.75,15671.25,105235,13788,32627.75,35535.5,83837.75,14861.25,5412.25,2440.5,13244.75,62685.5,237.5
28188.25,11380,59541,57491.375,12643.875,12400.125,1819,58460.25,3958.5,9734.875,30767.75,0,33201.5,17999,4576,135278.25,17973,15385.25,10055.75,6465.25,66871,15807.25,86121.5,17003,22665,51913.5,93483.25,8130.75,487.5,1307.25,12942.5,38636.25,707.25
28214,16359,123387,177940.25,96301.25,5078.5,10729,66014.25,9912,60.25,22647,343.5,0,2960.75,43372.25,158061.25,38390.5,3227.25,0,581.5,24428.75,1496.75,37668.5,81254,10519,41848.5,181006,46610.25,480.5,1623.75,894,2345,190.25
27268,8913.75,32171.75,42000.25,66035.5,3593.5,2877.25,11792.5,3100.25,2909.75,3305.75,1141.25,2084.75,713.25,3327.25,2997.5,2325.25,2063,2010.75,1935.75,1424.5,1008.25,2684.5,10255.25,2749.25,517.5,22655,3970,186.25,241.5,0,1596.5,2283.5
82052.75,52625.25,68856,25615.25,51859.25,10093.875,14915,37140.25,4845.25,30222.5,50943,0,5147,160.5,163.75,0,12224.25,98419.75,402457.5,96475.75,320496.75,66746.5,228561,124236.75,33970.5,20009.5,133515.5,20811,1438.25,62138,169328,67516.75,0
248333.75,153870.5,137685.5,141517.75,217881,47197.375,32224,107889.75,8139.25,91587.25,94087,0,14869.5,877.25,89,0,83.5,28710.25,160517.25,207558.75,343456,319136.5,182084.25,198694,453536.25,206550,201444.25,124720.75,7060.75,34772.25,244597.75,23233,0
3300.5,957.125,10196.5,7713.25,10617,1291.5,4334.5,43206.75,10584,841,0,0,1673.5,2797,3200.25,8394.5,7712.5,2277.25,2215.75,1780.25,6394.5,5775.5,2697,6646.5,5573.75,3927,20931.5,1622.25,2694.5,371.25,396,3023.25,173
181797.25,16821.5,33957,46385.5,41420.75,1078.75,7674.75,10613.75,0,877,58847.75,279.75,1828.75,7553.75,525.25,3773.75,65053.25,0,5139.5,0,37657,2896.25,66854.5,1031.25,21956.25,3182.5,56116.5,59878,3734.25,3597.25,23311.5,50716.25,6044
39905.25,5022,42963,87114.25,59004.75,1099.75,7591.75,7521.75,104,133.75,2713.5,0,5793.5,4764.75,4959.25,22199,2157.25,168.25,1360,471.25,1708,1571,17712,1178,2248.75,2922.5,54838.25,44914.25,994.75,170.5,2047.5,23287,1475.5
54884.75,29196,93152.25,137385.25,74957.125,216.25,889.5,31442.5,5661,10523,25672.75,2023.5,82309,49445.75,23737.5,79028.25,11935.75,5648.5,36265.75,6624.25,33288.5,19846,86785,12319,68290,54869.75,64049.5,81023.25,13720.75,378.25,17297.875,7068,1650
135571.75,24148.75,68788.5,161690.75,44776,97546.25,108397,106511.25,7862.5,6314.75,21167.5,0,20953,58244,121508.25,181242.75,142956,71010.75,29631,1459.75,30283.5,72276,118181.75,73799.75,8968.75,16274,92715.25,35371.25,48586,63881,68432,136970.25,59708.5
155220,40937.25,80891,164949.75,48391.75,125322.125,83129.25,83730.25,1499.25,9217.75,60662,6053.5,94444.25,60665.75,41924,90268,60198.5,76942.75,117823,9278.75,62810.5,83655.25,89529.25,33933,23195.75,43572.5,118495,41225.25,51643,38635.25,72576.25,137785,53280.75
127233.25,43253.25,115861,110792.75,51607.25,59496,58096.25,53098,467.75,9194.25,4173.75,0,13748.5,29313.75,44483.25,85323.5,78018.75,128965,29614.75,178.75,33314.5,58272.5,72434.75,6820.5,2286.5,2518.25,83775.75,19198.25,53419,37994.25,61532.75,111351.25,0
177078,135024.625,145707.5,167647.25,169051.75,192305,117749,37818.75,0,369.25,7942,279,49444.5,86394,64855.25,68323,261619,322139.25,81850.75,984.5,7143,33747.25,61691.5,27519.5,62273.75,28854.75,98647.75,38737.75,46849.25,195456.75,372376.5,352918.25,691.5
367050.5,160854,231918.75,340525.25,211066.5,177792,70987.25,99296.25,3779.25,26294.25,131956.25,2393.75,174646,241769.5,206491,254505.25,109081.5,158172.5,170140.75,22601.5,114948.5,195337.75,293680,167212.75,71971.75,66641.75,142131.5,51896,60232.25,84700.5,196144.5,301754,15364.25
261960,87306,129540.75,155523.5,55471.25,148916.25,76029.25,103516.25,5978.5,27830.5,51657.75,513,36176.5,73235.75,106457,249665.25,168351.5,63798,26497.5,2428,42493.25,79359,150449.75,88698.75,34081.75,102068.5,234030,36988,55900.5,11695.25,71329.25,158494,6091.75
528917.75,222924.25,361771,413076.25,479950,251347.75,441013.75,409891.75,142316.25,79027.25,181015.75,3140.5,109843.75,128126,280863.75,824168.25,898764.75,557407.25,414769.5,79199.5,612155.5,626246,732762.25,555047.75,108956.5,172358.25,435862,209308.75,169761.75,112095.75,157097.25,540424.25,131722
63102.75,52808.625,88685.25,100384,107353.75,65103.75,97545.75,68079.75,40281.75,38656.25,99640.75,20381.25,41045,34770,91670.25,297330,376060.25,176259.5,98234.25,9699.5,192792,216352.25,284344.5,252887,50202.75,79715.25,198035,88042.5,85352.25,32105.5,53155,217135.75,58387.5
146214.25,83748.125,80670,141847.125,55129.5,77653,35300,44894.25,22015.25,38952,84432,519.25,39016.5,68397.25,114781.5,267117.5,251308,180780,47690.5,2619,96540.75,89037.5,141299,168960,24874.5,96755.25,168370.25,46386.75,32365.25,21754.25,63299.75,229221.5,15041.75
74181.5,25641.75,39977.75,85783.375,37963.75,62836.75,43300.5,69190.75,19394.75,46575.5,116420.25,1319.25,104327.25,35439.5,87431.25,196461.25,70876.5,33338.5,19476.75,1413,106001,82806.25,104684,153575,8405.25,86153,125494,28254.75,8219.25,5756,25237.75,94521.5,9459
31082.5,12718.25,21825.75,56758,17748,27432.25,15580.5,21753,51.5,8527.75,39840.25,0,4354,14229.25,32045.25,103547,34023.25,15206.75,9706.75,916.5,53504.25,43070.5,54101.75,50208.5,2556,39447.5,60628.25,14664,1139.5,2651.25,197,35297.25,552.25
105608.75,83441.25,56738.5,111240.5,20041,79503,38552,49303.75,2602.5,7176.5,23926.25,0,20382,21893,39267.75,126308.75,137526,72976.75,17101.75,2133.25,52461.5,44007,85115.75,112045,8785.75,57196.75,77590.25,27669.25,28844.5,8395,5606.75,88240.5,13064
74464,10706.125,8184.5,31091.75,4506.25,15198.5,11077,4658.5,4457.75,6843.5,5516.25,5190.25,6559.5,10361.25,10960,32662.25,67699.5,59986.25,16591,4061.5,11203.25,32712.5,33721.5,27696.5,18293.75,13099.75,37152.5,44534,25380.5,27633,13479.75,116904.75,21418.5
57929.25,40451,69843.25,31110.5,20940.5,33713.625,6750.5,10435,4293,15658.5,13223.75,6741.25,3878.5,20161,106460.25,129899.25,40976,13560.25,31527.5,22882.5,45951.25,47908.5,131926.5,102110.25,83138.75,124595.25,148088.25,25534.5,25433.75,3114.25,6967.25,80510.25,9537.25
82910,57393,82790,14123.5,6627,7261.75,9588.75,5622.5,1836.5,28487.75,11108.75,5445,2101.5,8727.5,64722.75,129625.5,76551,75189.25,4591,1663.75,10714.75,69780.5,196132.75,155409.25,32344.5,75372.5,168366,14653,10098.75,5516.75,3522.5,52175.75,13797
9996.75,4585.875,8299,8681.75,1383.25,395,1749.5,236,1053.75,8321.75,6501.25,1664.75,60.75,365.75,2387.75,22082.5,20036.75,19826.75,2591.5,769.25,3881,26421.75,50445.75,36077,9711.25,50641.25,76707.75,3160,46.25,0,204.25,396.25,108.5
52068.5,16126.375,42071.75,759.75,14351.75,9254.75,89948.25,23062,18143,84185.25,140031.25,0,2856,17186.25,66954,168977.25,222421.25,144860.75,92647.5,30705.25,136177.5,211592.25,303133.5,375533.75,54837,159361,227210.25,72887.75,332,1679.75,13226.25,56585,30150.5
33528.5,16143.875,42304.25,5447,45951.75,10089.5,43208,2756.25,8459.5,30124.5,38893,0,1879,19522.5,52303.25,107685.25,55148.75,34505.75,28117,208.75,78351.75,88210,126587.5,167937.5,32477.25,77931.75,112202.5,50103.5,22.5,5894.5,1735,25493,13405
31974.75,25059,23151,6907.75,3163.25,1246.5,7380.5,4414.25,4664,14193,15429,2868.25,3054,13761.25,60271.75,104066.25,44993.5,23064,20927.25,10512.25,34152.25,60209.5,95582.5,124572.25,24947.25,71980,82865,57266.75,8757,6409.25,9223,29773,11978
69309,20119.25,52232.5,6236,8617.5,24436,6505.5,45289,318.75,51117.75,28421.75,0,33394,40817,51639.25,107944.75,41153.5,12411.5,29529.25,4943,44629.75,28161,60786.25,73750.5,27774.75,71188.25,69020,21849.5,2378.75,0,52.75,38875.25,1636.5
140277.25,69872.25,120927.25,16707.25,9808.5,5841.75,1641.125,435.5,1284.25,1417,2534.75,0,44093.25,19623.5,31765,24891.5,5544.5,1045.5,381.75,5781.5,21891.5,24691.25,54306,85952.25,151041.25,7816,45330,3487,10137,1124,36037,9264,1034.75
121769.75,97642.25,162761,8524.5,54435.25,23033.75,9483.375,35664,169.75,10522.25,27432.25,1680.5,80159.5,4040.25,29000.25,33386.5,23220,16450.75,9434.25,18633.75,50116.75,29926.25,95471.5,149565.75,185628.5,21964.75,109135,12056,60685.25,10866.25,43368.25,36891.5,8613.75
250835.25,160089.25,268889.5,5567.5,119046,101216.25,30720.25,68230.25,1313.25,48,85.5,59236,125972.5,33801.25,159693.25,77443.75,51397.25,55959.75,58655.25,48335.75,132007,110077,205082.25,202191,332289.5,37287.875,141354.25,25894,275774,34687,111116.25,80208.75,9477.75
491215.25,183662.5,252502.75,13163.5,183202.5,107300.5,50226.25,57700.25,40356,4530.25,2498.5,36173.5,217315.75,102010.5,255853.5,215860.25,36998.75,95489.75,32811.5,35796.75,64378,111179.75,201587,394459.5,286254.25,29161.75,218642.5,28270,137757,25853.5,140869.5,105402.75,11104.75
116645,206189.5,70493.75,7446,6252.75,6577.25,9808,33304.25,33700.25,2037.25,10630.25,293.25,34907.5,24388.5,18986.25,31923,12965.75,28852.25,21231,39672.75,49048,79842,80711.5,133975,155059.5,42241,93364.5,38859.25,82996.75,46620.5,99146.75,60979.25,26816.75
43564.25,68375.25,22012.5,8268.25,3623,45.75,2798.875,2170,4145.25,345,0,153.25,2596.5,387.25,0,573.5,250.5,0,38.25,189.5,2080,16490,18105.25,70557.5,44536.5,4570.75,37017.75,18383.75,64867,31619,58661.25,33447.25,25309.75
2358.25,48803.75,6389.5,1055.75,896.25,0,1015.375,243.75,3848.5,1008,3516.5,1731.5,2524,736.5,1931.25,2884.25,5087,1803.25,6581.75,4269,2241.5,20713.5,11925.75,23743,8551.25,4618.25,6798.75,7001.25,30130.25,2012.25,3552,8409.75,3415
27709.5,81793,30256.5,11407,11459.25,69.75,27.25,238.75,11908.75,1105.25,0,150.25,536.5,59.75,249.75,284.5,282,487.25,130.25,0,0,61353.75,58156,106954.25,72022.75,11272.25,62334.25,25070.25,57429.25,67662.5,134988,68057.75,54157.5
24189.25,86226,29702.75,2303,4217,260.25,730.25,9871.75,8381.75,2713.25,155,394.75,2634,947.5,519.5,3019,3581.5,1305,4794.25,368.25,579.5,28718,24115.75,68429,45002,9160,47652.75,24581.25,56186.75,44013,117805.75,69346.5,61812.5
27362.75,113292,40355.5,6081.5,4246.75,0,0,0,3722.875,750.25,232.75,339.5,556,459.75,165,769,7466,5612.5,273.5,191,475.5,20440.75,17713.75,56136.25,28872,13127.25,36385,19225.5,32411,54256.75,73181.75,44672.75,32863.75
15708.25,14760.25,3677.125,372.25,69.75,0,521.5,17247,14057,3232.5,3943.5,0,2767.75,495.5,8603.25,12733,19393,4451.25,6958.75,4325.5,10219.25,27125.5,21432.5,34868.25,11786.5,2313.5,5595,2765,15920.5,44697.5,39596.75,34551.25,27863.25
23886.5,25553.25,5079.75,2347.75,2182.5,1903.25,6395,24077,26634.375,4912,8357,892.25,2255.5,587,2998.5,4721,9708.75,3097,5828.25,5001.5,10202.75,19352,15523.5,21609,9532.5,3869.5,4208.25,1993.5,14873.25,33112,33809.5,46328.25,32733
5742.25,9480.5,4664.875,0,0,0,129.25,244.25,4620.5,2202.75,4665.5,907.75,1806.25,2188.5,2379.75,6375,4606,741.25,2199,3914,6066,9334.5,8177.75,15835.25,11890.75,5022.25,14577,1450.75,4465.75,5826,24202,19926.75,14188
107298.25,138321.75,64082.25,12066.25,21906.25,18189.5,17853.25,1643.25,22342.25,24484,23008.75,13204,184463,26380.25,35785.75,120736.75,37441.5,6826,84761.5,35804,74538.75,48597.5,65199.75,36582,100998.75,8604,30707,5792,17169.5,3160,34558,39170.75,2669.75
36007.75,87045.5,16347.5,1798.25,4968.25,11623.5,10356.25,0,8965.375,7211.25,1480.5,2077.25,44306,1969.25,8597,41759.5,19077.5,2998.75,37585,13472.25,20205.5,18759.25,19359.25,5577.75,23319.75,2344.75,4283,1087.5,409.5,2233.25,4209,3654.75,1464.75
43599.25,80084,10757.125,9941.75,15358.5,5939.5,10370.75,2432.5,14532.875,31035.5,34462.25,18298,87935.75,19909.25,21411.5,58594.5,30305,10439.75,44276.25,37008.5,30281.5,26591.25,41761.5,24111,52632.25,13011.75,13491.75,5541.25,557.5,13016.75,12175.75,23806.5,2259.25
55831.75,190942.5,25584.5,7881.25,8476.25,8665,5462.25,22118.5,25527.375,13343,20914.75,50425.5,92384,16057.5,42692.5,99859.25,45036.75,14846.5,62189,44089,57347,31958,66795.5,40387.75,96089.75,21591.25,14060.75,3304.5,3383.25,25348.5,14079,50766.75,2219
33473.75,185284.5,31565.5,866.75,376.25,3089.25,30541.25,12733.5,12246.625,4972.75,28113,50751.5,87407,4242.75,9401.75,54169.25,36544,16151.75,51167.25,44820.5,39213.25,19652.75,45001.25,22060,65503.75,7953.5,9059.5,3148.5,4310,2549.5,7455.75,37324.5,4341
27802,68618.5,5919.5,912.75,539.5,538.5,7649.25,8617.75,14079,9567.25,18643.5,12027.75,23980.25,4913.25,14205.75,54203.5,38043.75,10597.5,23205.25,11097,18058.25,14305.75,17440.25,30419.75,22653.25,2544.5,8520.25,1132,10031.25,10900.75,5275.25,6120.25,1919.25
67365.5,22314,10645.25,7969.5,3553.25,5114.75,9204,17937.25,25811.625,4757,12844.25,1148.75,21876.25,1632.25,21164.5,65689.25,75042.5,29856.75,43995.25,33051.75,47110.75,52411,62586.5,58323.25,88395,8611.25,39270.25,28450.5,18195,48023,20298.25,42729.5,2974.75
84109.75,236909.25,43759.75,4830,25746.75,19775.75,13531.25,3751.75,25453.25,20251.25,85103.25,28200.5,94346.75,47607,70110.5,103243.25,31905.25,9834,80926.25,64289.25,45000,65349,70539,86070,96231.5,3347.5,15836,26613,8190.5,16568.25,20609.25,75266.5,6791.75
37341.25,115262.75,19991.25,9577.75,12621.25,12312,12031.75,17707.5,35822,25009,75955.5,26347,84478.5,26748.75,69754.25,89247,56139.5,19147.25,35025.25,21221,47783.25,55525.25,47103.5,78028.25,40806.5,12342.75,7524.25,10055.25,16943,59704.5,19507,54006.5,18721
106500.75,54857.25,43048.5,5090.75,4843.5,4186.25,30680.5,14639.25,42975,14676,55002,11175.5,70807,42566,53575.5,107064,73856.5,5500.75,85328.75,37912.5,66939,53983.5,56196,57541,164891.75,28564.75,38039.5,45420.5,34412,71006.75,83190,134434,12817.5
1546.25,414.75,150.5,1195.75,523.25,311.75,0,180.75,1148.75,1025.5,141.25,539.25,761.5,0,451.75,858,1387.25,865.75,992.5,1411.5,7519.25,32489.25,8415.5,15671.75,26244.5,13555.5,9638.25,2977.75,885.5,916.75,2744,5362,1863.25
4192.5,3928.75,1254.25,9466.25,4210.25,3327.5,2099.5,1051.75,7573.25,11687.5,6268.25,5179.25,4602,3485.5,5110.75,6982.25,14450.5,4966.75,3644.25,5192.75,1524.25,7612.25,9619.75,28338,15240,15781,14869,7021,1949.75,3047.75,3932.5,3516.25,2332.75
4060,4736,532.25,6313,1363,1416.25,1040.25,1981,62099.5,4979.5,2902,1801,1677.5,1179.25,5059.75,4561.75,8500.75,1823.75,1312.25,3226,570.25,4628.25,3452.5,51139.5,37261,11393.5,73590.75,27197.75,3247.5,2646.25,4832,12009.5,1039.5
1691.25,1488,129.75,2534.25,162.75,347.5,0,255.75,8179,741.5,1132,126.25,78.5,302.5,561,1411,2679.5,315.25,146.25,1038.75,245.75,5167.25,1879.75,12224,10324.25,5745,16674.5,2698.5,427.5,124.75,284,1741,0
20174.5,5234.75,18486.5,11090.75,7571.5,1052.75,4591,2982.75,10063,8079.5,2833.5,2890.5,6653.5,3248.25,4537.25,5550.5,13791.75,3051.25,8614.5,7136.75,2398.5,8677.5,5450.75,58810.25,80080.5,36029.5,73955,36434.75,13063.5,9348.5,55391.75,31254.75,11993.25
61276.5,35550.75,134981.5,106052.5,19427,21322.25,7726.25,1588.25,5748.5,2471,1220.75,669,2998.5,2265.75,1598.75,1446.75,3766.75,1650.75,3081.75,1021,373.25,2530.5,2225.75,39494.5,40025.75,38205.75,99654,38079.75,3437.75,5281,21425.25,27360.25,3104.75
1700.75,287.75,21105.75,25571.75,1675.5,7574.5,6643.25,463.25,6903,1041,862.25,1871,768.75,1436,16449,45469.25,17849.25,3924.5,547,416.25,399,3895,49582,58493.5,13061,4835.75,18271.25,9779.75,204.5,0,294.75,644,1534.25
11692.5,10919.5,113162.5,21549.25,8179.75,2904.5,4275,1323.75,8264.5,19051.75,2990,1686,8242.25,5655.75,16121,63542.5,60877,17011.5,6577.5,5185.25,2068.5,63421.25,94145,52709.25,178660.25,63288,95870.25,50296,3712.5,1569.75,4119.25,45886.5,5527.5
74267.25,10597,505944.25,340977.625,149260.875,3390.5,1698.75,145477,94444.75,19733.125,5627.75,0,13000,7408.25,57519.75,844917.75,420503.25,253055,105239.25,15390.5,281881.75,979563.25,717008.25,465153.75,8053,2290.25,535105.25,695705,430370.75,0,88,15249.75,47627.75
454609.25,29191,553271,439263.25,112706.25,44448.5,685.75,561464.75,115442.5,52307.75,9496.25,342.5,183687,109540,286566.25,356182.75,57799.75,20672.75,18133,3695,67687.75,460693,266171.5,284907.5,29987.5,3927,314104.25,196737,141091.75,789,33475.75,233068.25,144103.25
635383.25,68207,790144.75,784052.5,178998.75,172033.75,85710,106237.75,152022.5,121445.75,38560.75,302.75,178187,348227,1042327.5,1662776,131478.5,164533.75,100275.75,13743.5,86327.5,746415.75,1042999,1333838.5,149923.25,108039.5,785827,370725.75,240461.75,2319.5,18431.75,206082.25,490719
384677.75,38615.25,714241.25,549751.5,106064,54205.75,5740.75,165973,120187,66086.5,14451.5,0,266873.125,104461.5,438346.75,570415.25,195093.75,129823.5,59513,7512.75,128668,655741,505426.25,687238.5,251727.75,181503,293030.75,89963.75,37540,0,0,44390.75,276907.5
108668,23374.75,521701,763254.25,97466.25,4005.25,829.75,338072.25,255095.625,55248.75,18100.75,89,117391.75,224756.75,837599.75,1082615,163928.25,19440.5,121085.75,31416,85400.75,782262.5,640596.5,457024.25,65855.75,100650,1061677.25,342612,175482.75,0,383,26053.5,123
718084,74388.5,580472.75,1795827,490994.5,49101,46613,728572.25,469659.625,93581.5,41955.5,0,200517.75,267032.5,1610451.25,2435362,628761,186230,301559.25,284549,310095.25,1300391.75,1168236.5,854217,294843.25,319400,2133899,736385.5,527908.5,0,13179.75,299000.75,124695.75
750468.5,76667.625,1155842.5,1349849.125,379103.5,25054,12965.25,1312251.5,582698.75,226558.125,57581,77.5,298906.375,405073.25,1372680,1206772.75,563390,144317,236231.75,98938.75,460482.25,1146070.25,1065176.75,472220,205076,118271.5,1486119.25,463993.25,185665.5,641,10930.25,451061,277914
663907.5,102674.5,449042,600825,206840.625,11391.5,92303,1816394,415886.375,237943,185882.875,267.75,620823.125,273198.75,1093001.5,1954757.75,1004741.5,104173.5,159180.25,42117.5,393936.5,1491377,1444036.25,433718.75,771543.75,213340,1599918.25,625003.5,378492.25,5126.25,101188.25,473639.25,1117172
463927.25,76674.5,93545.5,223005,77340.75,5443.5,18636,961651.25,91611,71496,10906.25,9682.5,319299.25,83565,296682.75,390972.25,42669.5,37191,66120.75,222206,590508.5,1475754.25,1031733.5,32882.5,318670.5,96308.5,417525.25,260367.25,1149836.75,976.5,10539.75,56055.5,363279.25
