5.8025,9.0725,7.8575,8.0575,9.53,2.075,4.31,7.7475,3.0675,7.78,6.505,4.3,12.4275,7.385,9.5025,9.0375,6.225,5.56,5.965,6.025,11.5,11.375,9.7975,7.1375,8.5275,7.84,8.9825,3.755,3.6775,3.0375,4.4425,5.0825,3.7775
5.6325,9.075,7.6575,7.405,9.7725,1.9875,4.0025,7.1025,3.145,7.59,6.46,3.9175,12.7675,6.955,8.8975,8.875,5.8325,5.6525,5.6025,5.7625,10.5525,11.5925,9.7375,7.0725,8.2475,7.9575,8.59,3.3775,3.4475,3.0575,4.6125,4.8775,3.9475
5.4125,8.765,7.755,7.54,8.745,2.2075,3.875,7.595,7.8325,7.225,5.9925,4.6525,11.4,7.4175,8.585,9.1,5.7125,5.6,5.2325,4.8575,10.41,10.5925,9.455,6.645,7.3,8.3125,8.545,3.1625,2.895,3.55,4.77,4.6575,3.6775
5.4725,8.97,7.6525,8.15,8.5775,2.415,3.6925,7.69,9.60125,7.06,6.205,4.84,11.415,7.435,8.345,9.1375,5.65,5.6225,5.2925,4.9125,10.445,10.595,9.6175,6.6325,7.3775,8.3425,8.43,3.26,2.725,3.41,4.7925,4.92,3.8775
5.3275,8.5475,7.7425,7.4175,8.645,2.4475,3.77,7.8925,7.8125,7.0125,5.6725,4.68,11.3825,7.52,8.4325,9.115,5.93,5.6925,5.1575,4.82,10.44,10.5775,9.3525,6.5825,7.7575,8.02,8.715,3.165,2.8425,3.6225,4.5725,4.72,3.45
5.295,8.4675,7.7275,7.3825,8.2075,2.4725,3.64,7.99,7.785,6.995,5.6375,4.645,11.3525,7.4825,8.22,9.1525,5.9325,5.6825,5.1525,4.585,10.43,10.365,9.0125,6.595,7.5975,7.9875,8.655,3.1725,2.84,3.615,4.5475,4.7125,3.4275
5.23,8.275,7.755,6.915,8.04,2.5475,3.47,7.69,7.75375,6.87,5.3525,4.625,11.2425,7.27,8.2075,8.95,6.0425,5.5075,4.975,4.2325,10.4,10.515,9.115,6.425,7.4125,7.92,8.515,3.11,2.87,3.625,4.5375,4.835,3.41
5.235,8.24,7.6175,6.925,8.04,2.535,3.4825,7.7025,7.74875,6.865,5.3075,4.6,11.0025,7.25,8.0975,8.9825,6.0125,5.4875,5.035,4.3275,10.3025,10.5425,9.07,6.3825,7.395,8.04,8.51,3.1275,2.875,3.63,4.475,4.8075,3.375
5.1475,8.315,7.265,7.0225,8.115,2.52,3.695,7.6825,8.28125,6.63,5.1925,4.52,10.715,7.35,8.0025,9.0025,5.99,5.3425,5.0775,4.29,10.0975,10.33,8.8875,6.0375,7.1375,8.07,8.455,3.1175,2.7725,3.7275,4.3725,4.755,3.3375
5.12,8.595,7.275,7.0125,7.77,2.605,3.43,7.535,9.82375,6.42,5.2,4.5625,10.7575,7.0025,7.8975,8.93,5.785,5.2275,4.9925,4.33,9.945,10.4475,8.745,5.885,7.115,8.0675,8.385,3.12,2.5425,3.6,4.3375,4.805,3.2725
5.085,8.57,7.25,6.97,7.6675,2.605,3.43,7.515,9.8025,6.39,5.21,4.5325,10.56,6.9675,7.91,9.0075,5.7725,5.2175,4.9625,4.3275,9.9,10.4125,8.895,5.865,7.0975,8.03,8.365,3.11,2.5525,3.6075,4.3375,4.815,3.28
5.075,8.5675,7.2625,6.985,7.6425,2.6025,3.44,7.76,9.80125,6.39,5.2075,4.525,10.71,6.945,7.875,9.0175,5.7625,5.215,4.965,4.355,9.8425,10.3975,8.9075,5.8625,7.1,8.0125,8.37,3.105,2.5525,3.575,4.3375,4.8125,3.2725
5.045,8.53,7.2825,6.8675,7.595,2.54,3.5425,7.51,7.79,6.38,5.19,4.515,10.555,7.085,8.0575,9.0175,5.73,5.3825,4.9775,4.5375,9.8825,10.37,8.5925,5.78,7.2625,7.935,8.275,2.8675,2.5275,3.5075,4.3825,4.765,3.2425
5.0525,8.5375,7.4225,6.795,7.5175,2.215,3.3875,7.5875,7.82375,6.225,4.98,4.525,10.5275,6.4825,7.93,8.5225,5.515,5.3675,5.0625,4.74,9.67,10.1125,8.46,5.72,7.2025,7.9025,8.2,2.9225,2.545,3.5575,4.3075,4.645,3.2525
4.89,8.4925,7.4475,6.86,7.335,2.0825,3.385,7.56,7.78625,6.25,5.0275,4.4625,10.1925,6.45,7.9575,8.6675,5.4725,5.2675,4.75,4.6725,9.59,10.06,8.4625,5.72,7.0675,7.8525,8.1775,2.8975,2.505,3.5625,4.3425,4.6675,3.26
4.845,7.8675,7.03,6.2875,7.2425,1.7275,3.245,6.8275,4.74875,6.1225,5.0475,4.33,10.42,6.73,7.1525,8.2725,5.31,5.25,4.0825,4.8275,9.4975,10.01,8.27,5.635,6.72,7.5375,7.7775,2.7925,2.4775,3.2875,3.99,4.45,3.245
4.845,7.8675,7.03,6.2875,7.2425,1.7275,3.245,6.8275,4.74875,6.1225,5.0475,4.33,10.42,6.73,7.1525,8.2725,5.31,5.25,4.0825,4.8275,9.4975,10.01,8.27,5.635,6.72,7.5375,7.7775,2.7925,2.4775,3.2875,3.99,4.45,3.245
4.73,7.85,6.6675,6.21,7.175,1.51,3.08,6.4925,4.6425,5.9275,5.02,4.4325,10.1025,6.5025,7.135,8.3925,4.855,5.135,3.9075,4.995,9.7025,9.97,8.0625,5.5175,6.75,7.245,7.3975,2.85,2.2075,2.955,3.9275,3.7975,3.2075
4.745,7.88,6.57,6.1875,7.1575,1.5275,3.0975,6.495,4.62875,5.9,5.04,4.4275,10.0075,6.51,7.13,8.3975,4.75,5.075,3.9125,4.915,9.6875,9.8925,8.01,5.5225,6.7225,7.2275,7.58,2.7925,2.2025,2.9675,3.9075,3.7725,3.2
4.7225,7.955,6.645,6.1525,6.9325,1.53,2.385,6.4425,5.77875,5.6625,4.9625,4.63,10.0825,6.0275,6.4225,8.11,4.9775,4.875,3.9125,5.12,9.5225,9.87,8.3725,5.3025,6.4725,7.4475,7.6125,2.94,2.21,3.015,3.5825,3.7625,3.095
4.7125,7.9825,6.6225,6.0475,6.8975,1.5225,2.3875,6.455,5.68,5.4475,4.9275,4.45,10.5225,5.3825,6.4075,7.97,5.0375,4.8425,3.92,5.0425,9.505,9.8175,8.45,5.3225,6.49,7.4375,7.5925,2.82,2.19,3.0875,3.5875,3.7675,3.11
5.695,6.805,6.2,5.9025,7.5175,2.0175,2.4975,6.0675,5.06625,6.7125,5.48,4.3275,10.41,5.825,7.105,7.24,4.33,6.24,3.76,5.765,8.9175,8.765,8.275,6.7925,6.2825,6.78,7.405,1.99,1.715,2.595,4.1575,4.5825,3.015
5.5125,6.9375,6.8475,6.4025,7.5,1.95,2.6025,5.955,4.78875,6.87,5.2725,4.325,10.0275,5.65,7.4975,7.82,4.1125,6.1675,3.885,5.7575,8.9525,8.87,8.4575,6.66,6.59,6.975,7.25,1.725,1.85,2.6725,4.2575,4.4775,2.9975
5.5125,6.9375,6.8475,6.4025,7.5,1.95,2.6025,5.955,4.78875,6.87,5.2725,4.325,10.0275,5.65,7.4975,7.82,4.1125,6.1675,3.885,5.7575,8.9525,8.87,8.4575,6.66,6.59,6.975,7.25,1.725,1.85,2.6725,4.2575,4.4775,2.9975
5.505,7.0425,7.1275,6.545,7.6325,1.9275,2.6225,5.875,4.66125,7.0425,5.3775,4.3325,10.06,5.6825,7.355,7.5825,4.22,6.1325,3.865,5.41,9.0225,8.9075,8.445,6.8375,6.73,7.245,7.3825,2.13,2.085,3.005,4.4275,4.395,2.9325
5.4275,7.5175,7.9325,6.4825,7.7325,1.9075,2.8475,6.07,4.66875,6.85,5.085,4.045,10.5,6.125,7.4725,7.995,5.0575,5.665,4.1025,4.83,9.135,9.01,8.01,6.4525,6.575,7.38,7.3525,2.355,2.43,3.09,4.56,4.225,3.03
5.4275,7.5175,7.915,6.4825,7.7325,1.8675,2.8475,6.07,4.6675,6.85,5.085,4.045,10.5,6.125,7.4725,7.995,5.0575,5.665,4.1025,4.83,9.135,9.01,8.01,6.4525,6.575,7.38,7.35,2.355,2.43,3.09,4.56,4.2225,3.03
5.45,7.465,7.8625,6.385,7.705,1.94,2.9175,5.99,4.645,6.905,5.255,3.955,10.495,6.2,7.25,7.9475,4.925,5.6525,4.105,4.845,9.0925,9.055,8.0075,6.49,6.52,7.42,7.42,2.3925,2.4875,3.025,4.57,4.2275,3.075
5.3275,7.7075,8.05,6.51,7.645,2.08,3.145,6.1725,4.66625,6.48,5.2825,3.9075,10.51,6.805,7.3975,7.7875,5.0075,5.48,4.16,4.71,8.9575,9.19,7.8675,6.54,6.39,7.45,7.53,2.5075,2.605,3.27,4.535,4.1925,3.1275
5.2775,7.7975,8.0575,6.545,7.4125,2.405,3.135,6.38,5.43875,6.4925,5.2725,3.8725,10.62,6.655,7.4875,7.7625,4.9925,5.415,4.2175,4.69,8.98,9.29,8.005,6.66,6.38,7.51,7.495,2.5,2.5875,3.265,4.5275,4.165,3.2
5.395,7.9925,7.9675,6.5425,7.3925,2.4575,3.305,6.135,5.43375,6.4575,5.405,4.1225,10.575,6.8075,7.62,7.6375,4.8875,5.4775,4.255,4.655,8.8475,9.34,8.1125,7.155,6.45,7.5625,7.66,2.56,2.555,3.2125,4.485,4.1625,3.1225
5.4075,8.015,8.0875,6.535,7.3525,2.4625,3.4225,6.135,5.41625,6.46,5.4075,4.1375,10.7175,6.875,7.8875,7.6325,4.8975,5.3825,4.2925,4.3525,8.855,9.295,8.15,7.075,6.445,7.575,7.6675,2.565,2.565,3.1825,4.54,4.1625,3.125
5.255,8.05,7.7375,6.56,7.43,2.4775,3.5275,6.065,5.48,6.415,5.385,4.07,10.61,6.515,7.775,7.5425,5.055,5.3825,4.2025,4.705,8.7825,9.4,8.17,6.8325,6.38,7.6725,7.6725,2.525,2.6075,3.16,4.575,4.18,3.0525
5.38,7.9775,7.8325,6.4575,7.5225,2.4775,3.5675,5.92,5.475,6.3625,5.495,4.1575,10.5525,6.505,7.78,7.5575,5.0875,5.245,4.185,4.725,8.8,9.54,8.185,6.8625,6.39,7.6975,7.63,2.4275,2.64,3.1925,4.575,4.205,3.075
5.38,7.9775,7.8325,6.4575,7.5225,2.4775,3.5675,5.92,5.475,6.3625,5.495,4.1575,10.5525,6.505,7.78,7.5575,5.0875,5.245,4.185,4.725,8.8,9.54,8.185,6.8625,6.39,7.6975,7.63,2.4275,2.64,3.1925,4.575,4.205,3.075
5.935,8.1075,7.7725,6.45,7.55,2.2525,3.2225,5.9925,5.6075,6.7625,6.175,4.595,10.6,6.6225,7.7175,7.4625,5.29,5.12,4.2375,4.9575,9.0825,9.855,8.755,6.61,6.635,7.94,7.895,2.48,2.7275,3.1125,4.4125,4.2575,3.02
5.935,8.1325,7.755,6.45,7.55,2.2525,3.2225,5.9925,5.6075,6.7625,6.175,4.595,10.6,6.6225,7.7175,7.4625,5.29,5.12,4.2375,4.9575,9.0825,9.855,8.755,6.61,6.635,7.9425,7.895,2.48,2.7275,3.1125,4.4125,4.2575,3.02
5.935,8.1325,7.755,6.45,7.55,2.2525,3.2225,5.9925,5.6075,6.7625,6.175,4.595,10.6,6.6225,7.7175,7.4625,5.29,5.12,4.2375,4.9575,9.0825,9.855,8.755,6.61,6.635,7.9425,7.895,2.48,2.7275,3.1125,4.4125,4.2575,3.02
5.935,8.2475,7.5225,6.4475,7.69,1.98,3.2475,6.0025,5.16,6.7225,6.12,4.6275,10.8575,5.8375,7.1425,7.42,5.445,5.17,4.25,5.02,9.0725,9.5925,8.765,6.675,6.8225,7.58,8.09,2.57,3.0925,3.185,4.425,4.3475,2.925
6.225,8.0975,8.0925,6.3475,7.9925,2.0525,3.375,5.5375,5.065,7.1675,6.17,4.04,11.335,6.6775,6.9,7.765,5.2075,5.14,4.5125,4.885,9.1075,9.6725,8.9925,6.64,7.1775,7.9875,8.0675,2.6625,2.84,3.03,4.6,4.5125,2.985
6.0925,8.125,8.06,6.5475,8.4475,2.4425,3.425,5.36,5.3325,6.5875,6.405,4.34,11.2575,6.485,6.705,8.3875,5.3175,4.985,4.595,5.53,9.2825,9.4725,9.6575,6.88,7.2875,7.865,8.5675,2.785,2.8175,2.5325,4.3775,4.68,3.28
6.0925,8.125,8.06,6.5475,8.4475,2.4425,3.425,5.36,5.3325,6.5875,6.405,4.34,11.2575,6.485,6.705,8.3875,5.3175,4.985,4.595,5.53,9.2825,9.4725,9.6575,6.88,7.2875,7.865,8.5675,2.785,2.8175,2.5325,4.3775,4.68,3.28
6.315,8.095,8.57,6.93,8.4025,2.3425,3.5075,6.0875,5.00125,6.6475,6.425,4.285,11.25,6.845,6.6175,8.68,5.04,4.8925,4.6025,5.6225,9.195,9.72,9.6325,6.8725,7.2525,7.675,8.5275,2.82,2.8475,2.625,4.37,4.7625,3.29
6.32,8.22,8.7225,6.9125,8.285,2.3425,3.51,5.9125,5.00625,6.635,6.235,4.6475,11.03,6.8475,6.495,8.6825,5.03,4.8875,4.6075,5.58,9.1775,9.72,9.635,6.8975,7.19,7.6925,8.5275,2.89,2.8825,2.6275,4.41,4.89,3.2375
6.82,8.4775,8.79,6.875,8.2825,2.1925,3.3375,5.9075,5.04375,6.6175,6.1325,5.8925,11.1275,7.375,6.4525,8.805,5.1575,5.0275,4.55,5.5725,9.3225,9.91,9.935,6.985,7.2625,7.6075,8.5525,3.345,2.8925,2.8175,4.37,5.4175,3.26
6.87,8.4525,8.785,6.8875,8.245,2.1825,3.3475,5.8875,5.04375,6.625,6.1325,5.8875,11.0925,7.375,6.4575,8.985,5.1425,5.0175,4.52,5.5,9.3275,9.915,10,6.99,7.265,7.645,8.565,3.435,2.895,2.875,4.3775,5.4225,3.2675
6.2475,8.6475,7.95,7.0575,7.8125,1.73,3.1225,6.1425,4.9075,6.3775,5.59,4.755,10.4225,6.075,7.03,7.985,5.49,5.18,3.9875,5.5125,9.075,10.32,8.8825,6.815,6.8925,7.135,8.005,3.1025,2.975,3.41,4.1925,4.9,3
6.2475,8.6475,7.95,7.0575,7.8125,1.73,3.1225,6.1425,4.9075,6.3775,5.59,4.755,10.4225,6.075,7.03,7.985,5.49,5.18,3.9875,5.5125,9.075,10.32,8.8825,6.815,6.8925,7.135,8.005,3.1025,2.975,3.41,4.1925,4.9,3
6.1825,8.55,8.0175,6.7925,7.7975,1.82,3.0225,5.68,5.49875,6.53,5.9775,4.87,10.55,6.0425,6.9875,8.1425,5.43,5.13,4.1875,5.475,9.2325,9.76,9.3525,6.795,6.9075,7.53,8.3,2.875,2.9975,3.375,4.2375,4.955,2.8775
6.8375,8.5125,8.81,6.5575,8.2025,2.26,3.3375,5.825,5.20625,6.635,6.1325,6.57,11.0875,7.345,6.54,9.0525,5.095,5.0675,4.7425,5.6225,9.4525,9.925,9.9175,7.03,7.21,7.1525,8.54,3.505,2.8825,3.135,4.385,5.35,3.2425
6.8375,8.5125,8.8075,6.56,8.2,2.26,3.3375,5.825,5.20625,6.6075,6.1325,6.57,11.0875,7.4075,6.5125,9.055,5.095,5.06,4.7425,5.6225,9.4525,9.925,9.88,7.0275,7.21,7.145,8.5375,3.505,2.8825,3.135,4.38,5.35,3.2475
6.2275,9.0975,8.23,6.8775,7.7625,1.845,3.4075,6.0525,4.43375,6.7375,5.975,5.5075,10.95,6.155,7.7,8.1275,5.0025,5.4575,4.2675,5.2925,9.4825,11.2175,8.92,6.5775,6.94,6.5825,8.31,3.6325,3.335,3.375,4.365,4.9425,2.6075
6.0975,9.105,8.1975,6.8675,7.7575,1.895,3.4075,6.045,4.40875,6.6625,5.885,5.5,10.9625,6.2125,7.69,8.06,4.995,5.4575,4.2525,5.285,9.51,11.52,8.92,6.5525,6.9275,6.605,8.4725,3.625,3.3325,3.38,4.335,4.945,2.595
6.71,9.2575,8.535,6.62,7.7275,1.94,3.465,5.895,4.8475,7.5375,6.7375,6.6525,11.315,6.3725,7.815,8.6225,5.4775,5.49,4.78,5.2775,9.73,11.555,9.04,6.5875,7.2,6.5825,8.8625,3.6875,3.1275,3.005,4.2925,4.845,2.5125
6.7,9.355,7.1975,6.905,7.8275,1.55,3.5875,6.6125,5.02375,8.2125,6.7175,7.3,11.495,6.43,7.9125,8.795,6.14,5.5775,5.02125,5.3225,9.8,12.775,8.98,6.31875,7.185,6.37,9.4,3.945,2.72,2.8475,4.645,4.945,2.6525
6.7,9.355,7.1975,6.905,7.8275,1.55,3.5875,6.6125,5.02375,8.2125,6.7175,7.3,11.495,6.43,7.9125,8.795,6.14,5.5775,5.02125,5.3225,9.8,12.775,8.98,6.31875,7.185,6.37,9.4,3.945,2.72,2.8475,4.645,4.945,2.6525
6.615,9.185,7.325,7.3325,7.785,1.4175,3.65,6.7325,4.82,8.94,6.6925,6.9675,10.5425,7.0425,8.0525,9.8,7.24,5.865,4.9675,5.7175,10.0425,11.5925,9.245,6.44,7.1525,6.5175,9.445,3.97,2.69,2.9575,4.625,4.6,3.1325
6.58,9.16,7.315,7.795,7.6925,1.4375,3.9175,6.8325,5.0575,9.81,7.32,6.9975,10.8125,7.475,8.7375,9.86,7.205,6.35,5.085,6.1325,10.5875,11.5225,9.2975,6.6175,7.2475,5.985,9.385,3.885,3.485,2.725,4.1,4.485,3.485
6.58,9.16,7.315,7.795,7.6925,1.4375,3.9175,6.8325,5.0575,9.81,7.32,6.9975,10.8125,7.475,8.7375,9.86,7.205,6.35,5.085,6.1325,10.5875,11.5225,9.2975,6.6175,7.2475,5.985,9.385,3.885,3.485,2.725,4.1,4.485,3.485
6.58,9.16,7.315,7.795,7.6925,1.4375,3.9175,6.8325,5.0575,9.81,7.32,6.9975,10.8125,7.475,8.7375,9.86,7.205,6.35,5.085,6.1325,10.5875,11.5225,9.2975,6.6175,7.2475,5.985,9.385,3.885,3.485,2.725,4.1,4.485,3.485
6.465,9.32,7.9525,7.4425,7.59,1.355,3.63,7.095,5.23125,8.8575,7.7025,6.1575,10.8425,8.0725,8.9425,9.5675,7.485,6.9325,5.135,7.0025,10.74,11.7725,9.8475,8.0425,7.2725,6.245,9.1375,3.965,3.045,2.71,4.8375,4.7,3.5825
6.3475,9.2775,7.9725,7.3875,7.635,1.4125,3.9,7.5875,5.2225,8.855,7.5625,5.6075,10.7525,7.5275,8.9525,9.535,7.4425,7.475,5.1175,7.2225,10.71,11.9575,10.035,7.97,7.375,6.245,9.1025,3.9725,3.045,2.8075,4.6675,4.4325,3.6
6.3475,9.2775,7.9725,7.3875,7.635,1.4125,3.9,7.5875,5.2225,8.855,7.5625,5.6075,10.7525,7.5275,8.9525,9.535,7.4425,7.475,5.1175,7.2225,10.71,11.9575,10.035,7.97,7.375,6.245,9.1025,3.9725,3.045,2.8075,4.6675,4.4325,3.6
6.3475,9.2775,7.9725,7.3875,7.635,1.4125,3.9,7.5875,5.2225,8.855,7.5625,5.6075,10.7525,7.5275,8.9525,9.535,7.4425,7.475,5.1175,7.2225,10.71,11.9575,10.035,7.97,7.375,6.245,9.1025,3.9725,3.045,2.8075,4.6675,4.4325,3.6
5.2225,8.525,8.54,7.22,7.2075,1.4175,3.81,7.0125,4.765,8.4275,6.9825,6.1425,11.09,6.89,8.56,9.1325,6.4725,6.8675,4.7975,6.8375,10.17,12.08,9.315,7.005,7.02,6.6825,8.675,3.7375,2.3825,2.97,4.5875,3.925,3.11
6.875,9.0675,8.01,7.8925,7.9975,1.7075,3.895,7.6525,6.30875,8.92,7.1925,5.3425,11.6225,8.04,8.1675,9.985,7.475,7.2675,4.015,7.215,10.81,11.395,10.1625,8.0125,6.795,6.3875,8.9975,4.1175,3.855,2.8925,5.105,4.57,3.665
5.7925,8.4325,8.2,8.4875,7.8275,1.905,3.9375,6.8425,6.5125,8.625,6.6325,5.845,10.9675,7.405,7.9725,9.495,7.325,6.925,4.0275,6.91,10.3225,11.2275,9.455,7.0725,6.595,6.7125,8.435,3.99,3.1525,3.165,4.9725,4.09,3.2275
5.7925,8.4325,8.2,8.4875,7.8275,1.905,3.9375,6.8425,6.5125,8.625,6.6325,5.845,10.9675,7.405,7.9725,9.495,7.325,6.925,4.0275,6.91,10.3225,11.2275,9.455,7.0725,6.595,6.7125,8.435,3.99,3.1525,3.165,4.9725,4.09,3.2275
5.4225,8.2875,8.79,7.51,7.5575,1.85,3.9575,6.5325,6.04375,8.7225,6.935,5.58,11.3075,7.025,8.59,9.2875,7.39,7.2,4.195,6.735,10.1025,11.625,9.51,6.9075,7.135,7.055,8.5775,3.98,2.785,2.9075,4.8325,3.8275,3.225
5.545,8.42,8.3725,7.7775,8.395,1.83,3.9975,6.2925,6.79375,8.7025,6.89,5.4025,11.3775,7.4025,8.865,9.405,7.88,7.23,4.54,6.7225,10.3025,11.245,9.535,7.2175,7.1275,6.93,8.44,4.0325,2.75,3.0725,4.8825,3.9875,3.2225
6.22,8.8825,8.1975,7.2475,8.525,1.75,3.78,6.18,7.24625,9.1575,7.5425,4.9175,11.9325,7.37,9.12,9.66,8.425,7.82,5.09,6.7325,10.71,11.9175,9.425,7.47,7.4775,6.36,8.4725,4.3775,2.6625,3.0175,4.8425,4.1675,3.7675
6.22,8.8825,8.1975,7.2475,8.525,1.75,3.78,6.18,7.24625,9.1575,7.5425,4.9175,11.9325,7.37,9.12,9.66,8.425,7.82,5.09,6.7325,10.71,11.9175,9.425,7.47,7.4775,6.36,8.4725,4.3775,2.6625,3.0175,4.8425,4.1675,3.7675
6.1775,8.845,8.205,7.2225,8.53,1.75,3.735,6.18,7.26375,9.1325,7.5175,4.8975,11.905,7.3475,9.1425,9.565,8.4875,7.8075,5.045,6.7475,10.68,11.8175,9.405,7.5675,7.5025,6.35,8.4775,4.37,2.66,3,4.8475,4.13,3.765
5.92,8.4025,7.7525,6.9325,8.9,1.765,3.8575,6.5975,4.7325,9.01,7.1,5.0575,11.405,7.6825,9.1275,9.16,7.4575,7.6775,5.705,6.5275,10.41,11.0975,9.6575,7.1075,7.55,6.6725,8.51,4.165,2.66,3.7875,5.08,3.9925,3.3675
5.9325,8.6925,8.1475,6.8575,8.975,1.86,3.58,7.3025,4.0475,9.1925,6.8775,4.9275,11.51,8.1725,9.655,9.425,7.48,7.1625,5.7475,6.48,10.11,11.1125,9.5375,7.105,7.535,6.6025,8.3425,4.1525,2.485,3.85,5.0025,4.24,3.2075
6.1025,8.79,8.2925,6.8375,8.8225,1.74,3.435,7.0625,3.885,9.2375,6.9975,4.815,11.585,7.7025,9.33,9.535,7.8125,7.205,5.705,6.3425,10.0375,11.1225,9.0625,7.07,7.7,6.5475,8.33,4.045,2.45,3.2625,4.9375,3.94,3.23
5.9825,8.915,8.3025,6.9325,9.025,1.735,3.68,7.4525,3.87125,9.25,6.845,4.75,11.4675,7.4975,9.17,9.7375,7.74,7.325,5.895,6.4425,10.0075,10.855,8.7275,7.2025,7.73,6.6375,8.295,4.1275,2.4875,3.215,4.8225,3.8625,3.075
6.01,8.9125,8.1625,6.895,8.9175,1.7275,3.66,7.1725,3.865,9.235,6.8025,4.6825,11.3875,7.3475,9.11,9.705,7.74,7.22,5.86,6.3575,9.9275,10.8075,8.695,7.18,7.7025,6.68,8.255,4.11,2.31,3.235,4.9,3.8325,3.06
6.18,9.02,8.05,6.855,8.8125,1.805,3.8275,7.4,3.505,9.2625,6.6225,4.5275,11.1725,7.7475,9.09,9.7825,7.66,7.0975,5.9275,6.52,9.83,10.3525,8.5925,7.525,7.6475,6.945,8.2275,4.1025,2.3375,3.1075,4.8225,4.0225,2.7875
6.26,9.2025,8.2075,7.075,8.7775,1.835,4.005,7.06,6.05125,9.435,6.7525,4.4975,11.025,7.875,8.9725,9.95,7.5875,7.065,5.055,6.7175,9.915,10.555,8.65,7.595,7.39,7.0175,8.1925,4.2925,2.3275,2.925,4.915,4.06,2.9125
6.2275,9.205,8.2175,7.0825,8.7925,1.83,4.0025,6.9275,6.04625,9.415,6.7225,4.4875,10.955,7.8525,8.955,9.9375,7.565,7.055,4.99,6.69,9.8775,10.55,8.655,7.7675,7.36,7.02,8.1575,4.2725,2.2075,2.9325,4.875,4.0725,2.8775
6.89,8.93,8.1475,7.025,9.05,1.695,3.9375,7.425,6.22875,8.9325,6.565,4.385,11.0175,8.885,9.51,10.045,7.8275,7.25,6.615,6.3825,9.46,10.44,8.76,8.275,7.455,6.89,8.4225,4.3875,2.3025,3.27,5.305,4.27,3.0125
6.87,8.925,8.1175,7.0225,9.0475,1.6925,3.9325,7.4325,6.22875,8.915,6.555,4.385,11.0125,8.88,9.4975,10.045,7.8275,7.25,6.615,6.3625,9.4475,10.4325,8.755,8.275,7.455,6.89,8.42,4.385,2.3025,3.27,5.3025,4.28,3.0075
6.5075,8.5175,9.1925,6.8125,8.6525,1.535,4.1875,7.1925,5.31,7.9825,6.4625,4.7025,11.145,8.5675,8.995,9.7675,7.7525,7.205,5.585,5.8075,9.3925,10.2,8.65,7.9925,7.265,6.6475,7.93,4.165,2.265,3.285,4.8975,4.185,2.775
6.8075,8.94,8.855,6.805,8.6875,1.575,4.185,7.505,5.11625,7.9525,6.3475,4.8075,10.955,8.58,9.16,9.8575,7.6775,7.2475,5.695,6.1925,9.505,10.29,8.715,7.99,7.6175,6.7925,8.14,4.645,2.3225,2.9675,4.8525,4.3475,2.72
6.8075,9.0525,8.8575,6.755,8.695,1.735,4.3875,7.5025,5.1125,7.92,6.2475,4.8075,10.965,8.5775,9.1525,9.765,7.67,7.2475,5.695,6.075,9.5175,10.275,8.715,7.9125,7.65,6.7925,8.1325,4.6375,2.3225,2.9675,4.8525,4.3225,2.7175
6.78,9.04,8.9,6.71,8.5825,1.7325,4.39,7.4975,5.11,7.7625,6.2475,4.7775,11.0525,8.5775,9.1325,9.6725,7.6275,7.28,5.695,6.03,9.505,10.255,8.705,7.925,7.6525,6.775,8.045,4.6425,2.2875,3.01,4.8775,4.2675,2.7175
7.1125,8.6225,8.5725,6.185,8.45,1.505,4.2725,7.355,5.22,8.0175,6.13,4.6025,10.965,8.325,9.26,9.5,7.5175,7.3775,5.6475,5.69,9.73,10.155,8.73,8.1025,7.4075,6.78,8.025,4.2525,1.7775,2.7175,4.915,3.8575,2.97
7.075,8.6675,8.16,5.975,8.4425,1.4725,4.05,7.3775,6.63375,7.985,6.075,4.69,10.8175,8.195,8.695,9.5475,7.6525,7.405,5.64,5.5925,9.66,10.14,8.7125,8.315,7.1575,6.8075,8.005,4.285,2.2275,2.795,4.885,3.87,3.14
7.0675,8.825,8.0475,6.3275,8.235,1.4725,4.1625,7.3475,6.62625,8.0225,5.935,4.76,11.025,8.3525,8.77,9.615,8.08,7.34,5.6925,5.6025,10.0325,10.145,8.7575,8.375,7.015,6.5975,7.9225,4.2825,2.2075,2.9525,4.96,3.9,3.3125
7.0675,8.825,8.0475,6.3275,8.235,1.4725,4.1625,7.3475,6.62625,8.0225,5.935,4.76,11.025,8.3525,8.77,9.615,8.08,7.34,5.6925,5.6025,10.0325,10.145,8.7575,8.375,7.015,6.5975,7.9225,4.2825,2.2075,2.9525,4.96,3.9,3.3125
7.0675,8.825,8.0425,6.315,8.23,1.47,4.1525,7.3425,6.62625,8.015,5.935,4.76,11.0025,8.35,8.7725,9.6125,8.08,7.34,5.6925,5.6025,10.025,10.145,8.7525,8.375,7.02,6.5975,7.925,4.2825,2.2075,2.95,4.9525,3.895,3.3125
6.965,8.635,7.675,6.0425,7.66,1.355,4.5175,7.4075,5.59,8.2025,6.115,4.7875,10.735,8.575,8.5175,9.6125,8.055,7.59,5.6225,5.4275,9.9025,10.37,9.0525,8.485,6.9325,6.4675,7.8525,4.16,2.2825,2.9575,4.6575,3.7825,3.7525
6.965,8.635,7.675,6.0425,7.66,1.355,4.5175,7.4075,5.59,8.2025,6.115,4.7875,10.735,8.575,8.5175,9.6125,8.055,7.59,5.6225,5.4275,9.9025,10.37,9.0525,8.485,6.9325,6.4675,7.8525,4.16,2.2825,2.9575,4.6575,3.7825,3.7525
6.965,8.6375,7.675,6.0375,7.66,1.34,4.51,7.4075,5.59,8.2475,6.115,4.7875,10.7,8.57,8.51,9.605,8.0525,7.59,5.6225,5.4275,9.8975,10.3575,9.05,8.4825,6.945,6.4675,7.8475,4.1575,2.2875,2.9575,4.6775,3.7825,3.7625
6.965,8.6375,7.675,6.0375,7.66,1.34,4.51,7.4075,5.59,8.2475,6.115,4.7875,10.7,8.57,8.51,9.605,8.0525,7.59,5.6225,5.4275,9.8975,10.3575,9.05,8.4825,6.945,6.4675,7.8475,4.1575,2.2875,2.9575,4.6775,3.7825,3.7625
6.9525,8.615,7.645,5.785,7.595,1.35,4.5075,7.395,5.57625,8.195,6.12,4.76,10.515,8.5375,8.5175,9.5525,8.0175,7.4575,5.5975,5.3925,9.8425,10.34,8.9575,8.48,6.945,6.475,8.04,4.1525,2.285,2.9475,4.645,3.77,3.765
6.515,8.6475,7.6825,5.495,7.6375,1.49,4.215,7.0575,5.9,7.7075,5.455,4.6625,10.3025,8.2275,7.91,9.02,7.6375,6.9575,5.895,5.3325,9.72,9.8825,8.3825,7.5625,6.5475,6.25,7.925,3.8775,2.0725,3.4475,4.7925,3.945,3.625
6.515,8.6625,7.65,5.4575,7.63,1.495,4.085,7.0525,5.89,7.6725,5.475,4.59,10.2475,8.2,7.875,9.0225,7.62,6.9375,5.875,5.32,9.61,9.86,8.325,7.465,6.535,6.255,7.8675,3.8625,2.0725,3.4525,4.7925,3.925,3.61
6.515,8.6625,7.65,5.4575,7.63,1.495,4.085,7.0525,5.89,7.6725,5.475,4.59,10.2475,8.2,7.875,9.0225,7.62,6.9375,5.875,5.32,9.61,9.86,8.325,7.465,6.535,6.255,7.8675,3.8625,2.0725,3.4525,4.7925,3.925,3.61
6.5,8.645,7.395,5.4,7.9575,1.42,4.1,7.4875,5.9375,7.485,5.5175,4.7975,10.4125,8.17,7.93,9.0175,7.615,6.94,5.88,5.3225,9.57,9.865,8.38,7.4825,6.535,6.265,7.9325,3.835,2.0675,3.425,4.8825,3.97,3.5125
6.4725,8.735,7.0975,5.47,7.7275,1.13,4.175,7.4475,6.00375,7.2775,6.0525,4.8275,10.1725,8.2925,7.9975,8.895,7.8025,6.75,5.8175,5.2775,9.6425,9.95,8.5675,7.11,6.215,6.0125,8.1425,3.815,2.0725,3.5075,4.7875,4.1725,3.545
6.53,8.5775,7.3675,5.2875,7.6225,1.4125,4.0925,7.4575,5.90125,7.31,5.5075,4.7875,10.4,7.745,7.9425,9.06,7.6,6.8875,5.7925,5.275,9.4525,9.8425,8.2975,7.2275,6.5125,6.265,7.7675,3.8325,2.0675,3.4225,4.905,4.0425,3.515
5.96,7.945,7.4375,5.405,7.415,1.205,4.0675,6.8775,5.74375,6.94,5.555,4.56,10.1775,7.8325,8.0275,8.9875,7.3425,6.68,5.8325,5.12,9.0575,9.5925,8.385,6.825,5.9075,6.15,7.5225,3.85,2.7775,3.51,5.225,4.3825,3.33
5.96,7.945,7.4375,5.405,7.415,1.205,4.0675,6.8775,5.74375,6.94,5.555,4.56,10.1775,7.8325,8.0275,8.9875,7.3425,6.68,5.8325,5.12,9.0575,9.5925,8.385,6.825,5.9075,6.15,7.5225,3.85,2.7775,3.51,5.225,4.3825,3.33
6.2525,7.99,7.4175,5.515,7.485,1.1625,4.1575,6.9175,5.79375,7,5.5425,4.5225,10.1575,7.9,8.04,8.8675,7.28,6.6525,5.8225,5.115,9.0725,9.6325,8.3825,7.045,5.9475,6.2325,7.545,3.725,2.79,3.65,5.185,4.4,3.335
6.2575,7.99,7.4175,5.6125,7.4825,1.1625,4.15,6.9175,5.79125,6.985,5.5375,4.52,10.14,7.835,8.04,8.8825,7.28,6.65,5.825,5.1125,9.075,9.615,8.38,7.1025,5.9475,6.2425,7.535,3.7225,2.6025,3.595,5.185,4.395,3.335
6.2575,7.99,7.4175,5.6125,7.4825,1.1625,4.15,6.9175,5.79125,6.985,5.5375,4.52,10.14,7.835,8.04,8.8825,7.28,6.65,5.825,5.1125,9.075,9.615,8.38,7.1025,5.9475,6.2425,7.535,3.7225,2.6025,3.595,5.185,4.395,3.335
6.2575,7.99,7.4175,5.6125,7.4825,1.1625,4.15,6.9175,5.79125,6.985,5.5375,4.52,10.14,7.835,8.04,8.8825,7.28,6.65,5.825,5.1125,9.075,9.615,8.38,7.1025,5.9475,6.2425,7.535,3.7225,2.6025,3.595,5.185,4.395,3.335
6.285,7.7325,7.8,5.5775,7.6775,1.2225,4.1775,6.8625,5.7125,6.8975,5.7625,4.3825,10.1275,7.6575,8.205,8.7975,7.1,6.5275,5.695,5.01,8.825,9.4825,8.015,7.1575,5.9025,6.4275,7.7175,3.6375,2.455,3.525,4.94,4.4075,3.29
6.285,7.7325,7.8,5.5775,7.6775,1.2225,4.1775,6.8625,5.7125,6.8975,5.7625,4.3825,10.1275,7.6575,8.205,8.7975,7.1,6.5275,5.695,5.01,8.825,9.4825,8.015,7.1575,5.9025,6.4275,7.7175,3.6375,2.455,3.525,4.94,4.4075,3.29
6.2975,7.7975,7.655,5.4475,7.7375,1.3175,4.0725,6.9,4.87,6.8775,5.7525,4.3025,10.16,7.5725,8.18,8.8425,6.8975,6.495,5.925,4.9575,8.9025,9.405,7.995,7.1375,5.8325,6.41,7.675,3.6025,2.4425,3.5275,4.9125,4.3975,3.15
6.3525,7.74,7.6,5.33,7.695,1.2975,4.2575,6.6425,5.135,6.63,5.9425,4.2475,10.445,8.0575,8.24,8.6775,6.395,6.41,5.6625,4.835,8.595,9.5675,7.915,6.91,5.79,6.67,7.3975,3.3925,2.4525,3.6025,4.865,3.9125,2.9475
6.2925,7.8075,7.38,5.5525,7.67,1.295,4.0775,6.775,5.05125,6.7375,5.8675,4.115,10.3775,7.755,8.195,8.7,6.6825,6.56,5.92,4.97,8.775,9.55,8.2425,6.84,5.7525,6.3825,7.7325,3.7225,2.625,3.6625,4.94,4.35,3.12
6.125,7.72,7.3875,5.505,7.635,1.275,3.9375,6.66,5.02625,6.6725,5.9175,4.02,10.29,7.695,8.165,8.59,6.5375,6.36,5.8925,5.035,8.8175,9.49,8.3175,6.75,5.64,6.32,7.7925,3.5225,2.49,3.5,4.8325,4.2525,3.03
5.92,7.6075,7.7075,5.19,7.7275,1.31,3.7575,6.5225,4.92125,6.5625,6.01,3.93,10.14,7.63,8.36,8.5225,6.385,6.3225,5.8625,4.87,8.6075,9.5375,8.2125,6.4325,5.6275,6.3075,7.66,3.4325,2.51,3.5125,4.8575,4.1825,2.9725
5.9275,7.6375,7.7225,5.1575,7.7275,1.325,3.77,6.535,3.2675,6.565,6.12,3.93,10.1275,7.635,8.3725,8.52,6.39,6.32,5.845,4.85,8.64,9.5425,8.25,6.4,5.6325,6.315,7.6675,3.43,2.51,3.5125,4.8475,4.14,2.9825
5.995,7.61,7.7225,5.045,7.735,1.3075,3.9475,6.3625,3.46375,6.425,6.0725,4.0875,10.0775,7.8275,8.315,8.54,6.1625,6.1825,5.5075,4.6775,8.5025,9.6425,7.875,6.6075,5.66,6.5825,7.3375,3.17,2.38,3.4025,4.6925,3.835,2.8875
6.2675,7.815,7.49,5.0175,7.735,1.2275,3.7975,6.035,3.20625,6.355,6.5225,4.0575,10.2625,7.3925,8.6375,8.65,6.1875,6.29,5.65,4.8675,8.595,9.55,8.1625,6.5125,5.875,6.565,7.5925,3.525,2.4475,3.5675,4.9975,4.1075,3.1825
6.2675,7.815,7.49,5.0175,7.735,1.2275,3.7975,6.035,3.20625,6.355,6.5225,4.0575,10.2625,7.3925,8.6375,8.65,6.1875,6.29,5.65,4.8675,8.595,9.55,8.1625,6.5125,5.875,6.565,7.5925,3.525,2.4475,3.5675,4.9975,4.1075,3.1825
6.545,7.9625,7.245,5.6575,7.605,1.22,3.9575,6.13,4.495,6.63,6.39,4.1575,10.715,7.645,8.5175,8.7825,6.405,6.305,5.5575,5.2425,8.9775,9.655,8.105,6.725,5.9425,6.3125,7.81,3.6825,2.395,3.735,5.03,4.3625,3.295
6.5225,7.985,7.165,5.8925,7.6825,1.2025,3.9975,6.09,4.46875,6.7175,6.3775,4.115,10.7275,7.6275,8.405,8.9125,6.405,6.225,6.005,5.2675,8.885,9.8025,8.0875,6.6675,6.1575,6.3575,7.9925,3.6975,2.3925,3.72,4.955,4.2825,3.2725
6.8975,7.9325,6.965,5.8025,7.595,1.15,3.9475,6.73,4.1125,6.925,6.715,3.99,10.45,7.7225,7.6075,9.0375,5.93,5.9975,6.145,4.9275,9.4825,9.765,10.0725,7.3675,6.31,6.9975,8.1875,3.5175,1.98,3.895,4.77,3.9475,2.8925
6.7575,7.9775,7.015,6.26,7.3775,1.1975,4.1,6.91,4.3975,7.285,7.0525,4.115,10.56,8.105,7.9375,8.9225,5.9025,6.085,6.2075,5.2225,9.66,9.915,10.1375,7.52,6.38,6.5625,8.3175,3.59,2.1175,3.935,4.7825,4.015,3.13
6.795,8.04,7.045,6.2025,7.415,1.1975,4.085,7.1775,4.45625,7.32,7.175,4.165,10.36,8.2325,7.955,8.945,5.9,6.125,6.2225,5.31,9.74,9.965,10.185,7.5225,6.3775,6.5725,8.425,3.6475,2.15,4.06,4.78,4.09,3.1425
6.9225,7.835,7.035,5.8225,7.38,1.2,3.7825,6.9375,4.1075,7.2825,7.1275,4.055,10.1575,7.805,7.6075,9.06,5.9175,6.0675,6.135,4.9375,9.5525,9.76,10.215,7.25,6.2675,6.855,8.135,3.49,1.8975,4.05,4.79,3.9175,2.855
6.9225,7.835,7.035,5.8225,7.38,1.2,3.7825,6.9375,4.1075,7.2825,7.1275,4.055,10.1575,7.805,7.6075,9.06,5.9175,6.0675,6.135,4.9375,9.5525,9.76,10.215,7.25,6.2675,6.855,8.135,3.49,1.8975,4.05,4.79,3.9175,2.855
6.86,7.565,7.055,5.8625,7.65,1.3225,3.7425,6.7775,4.00125,7.35,7.0475,4.0375,10.445,7.5325,7.5025,8.96,5.8925,5.8725,6.1075,4.905,9.4675,9.8725,10.1675,7.2875,6.1725,6.76,7.9875,3.3175,1.9025,3.5425,4.795,3.9325,2.72
6.7,7.4475,7.0075,5.625,7.915,1.3375,3.8,6.975,4.04125,7.495,6.86,4.0375,10.15,7.7375,7.5225,9.0075,6.175,5.885,6.1075,4.8875,9.4675,9.7975,10.2425,7.265,6.2225,6.6125,7.925,3.3575,2.145,3.5775,4.925,3.9,2.82
6.97,7.4775,6.96,5.4625,7.895,1.3225,3.7275,6.9525,4.07125,7.4875,6.7925,3.62,10.165,7.3225,8.3425,9.0725,6.0875,5.94,6.725,4.7475,9.445,9.865,10.2825,7.585,6.215,7.1175,7.655,3.2575,2.1925,4.1725,4.77,3.88,2.8725
6.975,7.54,7.0675,5.4575,7.92,1.3225,3.7325,6.9725,4.06625,7.505,6.7925,3.8725,10.1675,7.3325,8.345,9.0475,6.0875,5.94,6.7475,4.7375,9.44,9.6875,10.345,7.5775,6.21,7.0425,7.69,3.2525,2.1825,4.1775,4.78,3.8675,2.6875
6.3275,7.3075,7.5125,5.25,7.76,1.275,3.7075,6.3925,3.53,6.5875,6.435,3.845,10.0775,7.5075,8.3625,8.96,5.995,6.075,5.86,4.66,9.24,9.61,10.2475,7.4125,5.525,7.1625,7.69,3.2825,2.1825,4.44,4.8575,3.9525,2.65
6.295,7.4375,7.35,5.2,7.895,1.295,3.5125,6.365,3.47625,6.1925,6.205,3.7725,10.1125,7.315,7.8325,8.7025,5.83,6.11,5.3275,4.525,8.8375,9.125,9.5275,6.7975,5.5825,6.945,7.4425,3.29,2.145,4.5225,4.7525,4.0375,2.535
6.265,7.4525,7.2625,5.125,7.995,1.47,3.4525,6.4925,3.48375,6.3375,6.1225,3.7625,10.05,7.5625,7.855,8.71,5.83,6.1125,5.3,4.625,8.935,8.9925,9.0825,6.445,5.8325,6.8325,7.3925,3.285,2.3,4.4275,4.755,4.03,2.545
6.0125,7.2025,7.4075,4.8325,8.02,1.5075,3.1725,6.4075,3.4725,6.395,5.795,3.69,9.925,7.1975,7.815,8.69,5.8625,6.0425,4.905,4.6325,8.7925,8.7775,8.675,6.4475,5.6125,6.655,7.1575,3.13,2.065,4.1575,4.8075,3.6975,2.4025
6.0025,7.1975,7.3725,4.7825,8.0425,1.5075,3.16,6.41,3.455,6.3975,5.76,3.685,9.885,7.2025,7.8125,8.6675,5.835,6.035,4.915,4.6,8.7725,8.755,8.67,6.4325,5.605,6.6325,7.1525,3.125,2.065,4.155,4.805,3.69,2.3975
6.015,7.2,7.4575,4.8175,8.0175,1.5075,3.17,6.4175,3.4725,6.4025,5.7875,3.68,9.965,7.335,7.8225,8.6925,5.855,6.03,4.9375,4.64,8.8825,8.7725,8.7175,6.44,5.62,6.7775,7.16,3.24,2.0675,4.1575,4.805,3.7025,2.4075
6,7.205,7.405,4.765,8.04,1.565,3.1625,6.4125,3.455,6.405,5.7525,3.675,9.93,7.34,7.82,8.67,5.8375,6.025,4.95,4.61,8.8625,8.75,8.7075,6.4225,5.615,6.7575,7.165,3.2375,2.0675,4.155,4.8025,3.69,2.4025
5.88,7.095,7.6025,4.895,7.96,1.6275,3.3,6.2625,3.1775,6.2325,5.2525,3.89,10,7.36,7.76,8.5575,5.8625,5.95,4.895,4.53,8.83,8.4975,8.505,6.45,5.88,7.2025,7.18,3.245,2.06,4.0275,4.735,3.5625,2.97
5.8825,7.0975,7.6025,4.895,7.96,1.6275,3.3,6.2625,3.1775,6.2325,5.2525,3.89,10,7.36,7.76,8.5575,5.8625,5.95,4.8975,4.53,8.83,8.4975,8.505,6.45,5.88,7.2025,7.18,3.245,2.06,4.0275,4.735,3.5625,2.97
5.96,7.205,7.6775,5.0975,7.7975,1.67,3.31,6.51,3.04625,6.2475,5.385,3.825,9.81,7.5575,7.7675,8.515,6.0175,6.085,4.9075,4.3275,8.965,8.5125,8.5175,6.565,6.16,6.995,7.0525,3.1775,2.055,4,4.6575,3.5225,2.97
5.96,7.205,7.6775,5.0975,7.7975,1.67,3.31,6.51,3.04625,6.2475,5.385,3.825,9.81,7.5575,7.7675,8.515,6.0175,6.085,4.9075,4.3275,8.965,8.5125,8.5175,6.565,6.16,6.995,7.0525,3.1775,2.055,4,4.6575,3.5225,2.97
5.96,7.185,7.875,4.9975,7.82,1.6525,3.3075,6.4775,4.8475,6.2475,5.355,3.82,9.7825,7.475,7.78,8.575,5.9775,6.0825,4.8375,4.335,9.0175,8.4975,8.4675,6.5625,6.165,6.9975,7.0675,3.1475,2.0575,3.995,4.645,3.54,2.965
5.96,7.185,7.875,4.9975,7.82,1.6525,3.3075,6.4775,4.8475,6.2475,5.355,3.82,9.7825,7.475,7.78,8.575,5.9775,6.0825,4.8375,4.335,9.0175,8.4975,8.4675,6.5625,6.165,6.9975,7.0675,3.1475,2.0575,3.995,4.645,3.54,2.965
5.8775,7.295,7.8675,4.855,8.0775,1.65,3.3075,6.2975,4.765,6.1675,5.2725,3.84,9.8425,7.255,7.8975,8.555,5.865,6.015,4.8775,4.345,9.0475,8.495,8.5025,6.555,6.0275,7.2625,7.13,3.13,2.0925,3.725,4.7525,3.5275,3.0425
5.99,7.67,8.205,4.865,8.1925,1.705,3.6125,6.495,4.47375,5.8675,5.235,4.0375,10.0475,7.4925,8.4,8.6575,5.8375,6.0925,5.2275,4.5825,9.1375,8.6225,8.905,6.6975,6.375,7.5575,7.5225,3.305,2.3125,3.6275,4.7775,4.005,3.195
5.99,7.5325,8.0825,4.83,8.19,1.7,3.655,6.4875,4.44375,5.865,5.235,4.0375,10.0475,7.45,8.4025,8.6625,5.8275,6.085,5.2275,4.585,9.145,8.5675,8.905,6.635,6.3825,7.6575,7.53,3.2975,2.3125,3.3,4.75,4.0275,3.19
5.99,7.5325,8.0825,4.83,8.19,1.7,3.655,6.4875,4.44375,5.865,5.235,4.0375,10.0475,7.45,8.4025,8.6625,5.8275,6.085,5.2275,4.585,9.145,8.5675,8.905,6.635,6.3825,7.6575,7.53,3.2975,2.3125,3.3,4.75,4.0275,3.19
5.99,7.51,8.0875,4.83,8.2,1.7,3.65,6.4875,4.44625,5.865,5.235,4.0375,10.0525,7.4475,8.41,8.675,5.8275,6.085,5.2275,4.585,9.145,8.565,8.905,6.6375,6.3825,7.6575,7.5275,3.2925,2.3125,3.3,4.75,4.03,3.1825
5.99,7.51,8.0875,4.83,8.2,1.7,3.65,6.4875,4.44625,5.865,5.235,4.0375,10.0525,7.4475,8.41,8.675,5.8275,6.085,5.2275,4.585,9.145,8.565,8.905,6.6375,6.3825,7.6575,7.5275,3.2925,2.3125,3.3,4.75,4.03,3.1825
6.015,7.4775,8.1025,4.6275,8.7025,1.695,3.6475,6.53,4.445,5.8875,5.255,3.995,10.21,7.6075,8.4025,8.6625,5.5025,6.1375,5.225,4.605,9.1675,8.5225,8.88,6.6575,6.35,7.635,7.5325,3.2,2.3125,3.27,4.6975,4.0025,3.175
6.4475,7.585,8.3375,4.9175,7.37,1.7625,3.4975,6.4975,4.8175,6.215,5.68,3.755,10.155,7.54,8.36,8.6475,6.185,5.965,5.33,5.06,9.37,9.41,9.305,6.66,6.53,7.2675,8.1775,3.245,2.7925,3.2575,5.1625,3.77,3.62
6.47,7.945,8.1325,4.8325,7.4875,1.7075,3.71,6.3925,4.655,6.295,5.825,3.5775,10.0975,7.85,9.0575,8.695,5.8525,6.085,5.35,5.0425,9.6975,9.5575,9.6225,6.8675,6.5575,7.515,8.385,3.24,2.865,3.29,5.28,3.83,3.5725
6.445,7.585,8.3625,4.8775,7.3775,1.7625,3.495,6.425,4.82,6.32,5.6825,3.7525,10.1625,7.5625,8.35,8.6675,6.17,5.9675,5.29,5.0575,9.385,9.4375,9.3125,6.67,6.5325,7.265,8.2275,3.2475,2.7975,3.045,5.165,3.7625,3.615
6.4425,7.5875,8.41,4.87,7.3225,1.765,3.4875,6.4275,4.82,6.3275,5.6825,3.7,10.155,7.5475,8.335,8.575,6.1675,5.9675,5.2875,5.065,9.375,9.435,9.2775,6.67,6.5175,7.2825,8.215,3.24,2.7925,3.04,5.0025,3.765,3.6
6.355,7.7225,7.9625,4.8825,7.5425,1.8,3.825,6.595,4.98625,6.79,5.5775,3.9575,10.38,7.4375,8.245,8.8175,6.2725,5.9775,5.22,4.85,9.2925,9.7225,9.585,7.68,6.6825,7.0725,7.9875,3.15,2.8825,3.365,5.0225,3.47,3.385
6.055,7.6275,7.995,5.0825,7.6,1.8775,4.0225,6.735,4.94,6.4325,5.43,3.94,10.3225,7.04,7.2775,8.6825,6.24,5.84,5.38,4.6525,9.0275,9.2625,9.75,7.8675,6.6625,7.2375,7.57,3.15,2.7575,3.1725,5.09,3.0575,3.17
5.8775,7.775,7.895,5.1525,7.5875,1.775,3.7775,6.6975,4.72375,6.495,5.3775,3.8525,10.195,7.1275,7.185,8.6,6.3075,5.74,5.1675,4.6225,8.63,8.5,8.875,7.4225,6.2375,7.09,7.2075,3.1225,2.78,3.56,4.9575,3.1925,3.085
5.935,7.395,7.6275,5.085,7.7675,2.0775,3.95,6.0375,4.65,6.4775,5.42,3.39,10.43,6.915,7.3325,8.285,5.8875,5.7975,4.8725,4.68,8.725,8.455,8.86,8.105,6.495,7.24,7.0125,3.09,2.595,3.3725,4.935,3.0625,3.2125
5.7725,7.4675,7.4025,5.0525,7.7125,2.0775,3.895,5.86,4.64625,6.5125,5.435,3.3825,10.315,7.055,7.34,8.265,6.0125,5.7525,4.8225,4.6825,8.7125,8.3175,8.93,7.9175,6.625,7.2,6.9875,3.1375,2.5875,3.2825,4.9775,3.08,3.4025
5.7725,7.4675,7.4025,5.0525,7.7125,2.0775,3.895,5.86,4.64625,6.5125,5.435,3.3825,10.315,7.055,7.34,8.265,6.0125,5.7525,4.8225,4.6825,8.7125,8.3175,8.93,7.9175,6.625,7.2,6.9875,3.1375,2.5875,3.2825,4.9775,3.08,3.4025
5.83,7.4625,7.26,5.1075,7.385,2.0075,3.88,5.7975,4.605,6.5325,5.415,3.6575,10.32,7.13,7.275,8.32,6.08,5.7425,4.88,4.68,8.6825,8.325,8.87,7.945,6.6425,7.22,6.9625,3.125,2.5775,3.1925,4.9,3.075,3.3775
5.53,7.2875,6.7275,4.795,7.6,2.165,3.675,5.205,4.37875,6.0425,5.06,3.4125,10.11,6.91,7.31,8.04,6.2025,5.1325,4.28,4.495,7.98,8.34,8.21,7.51,6.3175,7.0525,7.14,2.7975,2.375,2.83,5.0475,3.14,3.095
5.5175,7.395,6.715,4.6975,7.5625,2.1675,3.675,5.175,4.29625,6.1475,5.0675,3.395,10.0925,7.12,7.37,7.8775,6.19,5.105,4.2175,4.46,7.9325,8.355,8.13,7.555,6.33,6.9525,7.1,2.7575,2.4375,2.8475,4.9925,3.1425,3.13
5.5175,7.395,6.71,4.6975,7.5625,2.1675,3.675,5.175,4.245,6.1475,5.0675,3.395,10.095,7.0375,7.3675,7.8925,6.19,5.1075,4.2175,4.4575,7.9325,8.3625,8.1275,7.55,6.33,6.945,7.1,2.7525,2.4375,2.8475,4.9925,3.145,3.1325
5.5175,7.395,6.71,4.6975,7.5625,2.1675,3.675,5.175,4.245,6.1475,5.0675,3.395,10.095,7.0375,7.3675,7.8925,6.19,5.1075,4.2175,4.4575,7.9325,8.3625,8.1275,7.55,6.33,6.945,7.1,2.7525,2.4375,2.8475,4.9925,3.145,3.1325
5.3775,7.44,6.5775,4.685,7.545,2.165,3.67,5.1525,4.2275,6.095,5.0675,3.3875,10.095,6.985,7.36,7.895,6.165,5.12,4.2025,4.4525,7.94,8.3825,8.14,7.52,6.3325,6.855,7.0175,2.7525,2.45,2.83,5.0375,3.135,3.2675
5.4175,7.435,6.5825,4.7075,7.535,2.1625,3.695,5.1575,4.2175,6.075,5.0375,3.39,10.1125,6.99,7.35,7.87,6.16,5.095,4.1825,4.415,7.9675,8.355,8.1425,7.515,6.325,6.895,7.0225,2.7525,2.425,2.8125,5.01,3.1425,3.27
5.6725,7.4925,6.57,4.835,7.5125,2.0175,3.76,5.21,4.17125,6.1375,4.8925,3.5425,10.16,7.1725,7.3525,7.9725,6.2075,4.9725,3.9625,4.4425,8.0325,8.3525,8.4475,7.8825,6.295,6.82,7.275,2.72,2.4025,2.785,5.065,3.1725,3.4125
5.6575,7.4175,6.36,5.19,7.555,1.84,3.6625,5.02,4.19625,6.095,4.7375,3.55,9.705,7.25,7.265,7.735,6.0925,5.0175,4.15,4.235,8.105,8.2925,8.4375,7.91,6.3525,7.0425,7.1875,2.7525,2.38,2.8625,5.1225,3.265,3.4025
5.6575,7.405,6.3625,5.1875,7.5375,1.84,3.6575,5.02,4.19125,6.0975,4.7375,3.5525,9.6975,7.165,7.2525,7.7325,6.0925,5.0175,4.18,4.235,8.1,8.295,8.4325,7.9075,6.35,7.0425,7.185,2.7525,2.38,2.8625,5.1225,3.26,3.4325
5.8825,7.725,6.4475,5.38,7.45,1.88,3.7775,5.2475,4.395,6.4125,4.52,3.6825,9.835,7.4775,7.97,8.0475,6.1675,5.2725,4.5225,4.49,8.275,8.4475,8.645,8.2025,6.5725,7.4625,7.1375,2.8825,2.515,2.9875,5.3025,3.4475,3.85
5.2725,7.2975,6.0625,5.2125,7.235,1.8425,3.2475,5.2725,3.895,5.865,4.49,3.6625,9.675,6.805,7.2275,7.3475,5.6925,4.835,4.2425,4.4625,8.0625,8.135,7.855,8.01,6.2925,6.9325,7.285,2.765,2.3975,3.0525,4.96,3.54,3.625
5.1625,7.2975,5.9675,5.1025,7.2,1.835,3.24,5.2825,3.89375,5.8225,4.4525,3.635,9.7425,6.755,7.205,7.2525,5.675,4.755,4.275,4.46,7.9975,8.1625,7.825,7.93,6.2825,6.9375,7.2475,2.7575,2.3925,3.0475,4.95,3.5475,3.6325
5.45,7.615,6.2675,5.5675,7.225,1.8625,3.29,5.2125,4.20625,5.9875,4.1575,3.485,9.9725,7.2325,7.1975,7.6,5.8375,5.0675,4.485,4.52,8.22,8.425,8.5425,7.955,6.4125,6.905,7.3475,2.8925,2.3975,2.665,5.1525,3.61,3.5975
5.4975,7.8225,6.4825,5.6,6.875,1.72,3.3875,5.2575,4.30375,5.88,4.02,3.4675,9.85,7.335,7.04,7.775,6.13,4.965,4.585,4.3175,8.425,8.7225,8.3725,8.18,6.5025,6.96,7.6,2.905,2.7225,2.735,5.3525,3.66,3.6
5.58,7.7325,6.465,5.46,6.905,1.7075,3.495,5.15,4.295,5.7825,3.98,3.65,9.8,7.355,7.03,7.945,6.3125,4.93,4.535,4.325,8.4225,8.41,8.37,8.4025,6.53,6.96,7.3225,2.8975,2.7375,2.9925,5.19,3.655,3.435
5.58,7.7325,6.465,5.46,6.905,1.7075,3.495,5.15,4.295,5.7825,3.98,3.65,9.8,7.355,7.03,7.945,6.3125,4.93,4.535,4.325,8.4225,8.41,8.37,8.4025,6.53,6.96,7.3225,2.8975,2.7375,2.9925,5.19,3.655,3.435
5.43,7.69,6.4675,5.365,6.845,1.715,3.715,5.1375,4.30625,5.6775,3.9025,3.5975,9.99,7.4125,7.02,7.905,6.34,4.89,4.6,4.37,8.3,8.3775,8.4325,8.4125,6.5025,6.9125,7.255,2.89,2.7025,2.9975,5.1475,3.6775,3.4675
5.1025,7.2,5.69,5.055,6.98,1.6425,3.3625,5.255,3.9,5.6,4.1275,3.6275,9.835,6.7075,7.08,7.2775,6.0175,4.4575,4.4075,4.3925,7.78,7.94,7.925,8.265,6.1975,6.9,6.8875,2.6625,2.445,3.02,4.8925,3.6,3.695
5.1025,7.2,5.69,5.055,7.015,1.6425,3.3675,5.255,3.9,5.61,4.1275,3.6275,9.8275,6.7075,7.0825,7.24,6.0175,4.4575,4.4075,4.3925,7.7825,7.945,7.93,8.2725,6.2,6.8925,6.8925,2.6625,2.445,3.02,4.8925,3.6,3.695
5.065,7.225,5.6225,5.0125,7.1,1.5725,3.3425,5.1675,3.8825,5.5625,4.035,3.565,9.8675,6.6125,7.145,7.295,5.9525,4.465,4.39,4.4725,7.8475,7.9175,7.9575,8.3275,6.075,6.8925,6.9,2.6225,2.395,3.02,4.8575,3.6025,3.5
5.265,7.545,6.1025,5.1625,6.9175,1.795,3.475,5.0625,4.345,5.5525,3.5675,3.495,9.8725,7.155,6.8275,7.77,6.3625,4.95,4.9275,4.4275,8.245,8.1775,8.43,8.7025,6.23,6.9075,7.1075,2.7675,2.5825,2.67,5.06,3.6775,3.28
5.0075,7.2775,5.6575,4.9525,7.145,1.755,3.31,5.11,3.8975,5.6125,4.02,3.5525,9.795,6.6175,6.9725,7.32,5.92,4.4825,4.4975,4.475,7.8775,7.8875,7.925,8.2775,6.0825,6.9075,6.885,2.6725,2.3875,3.0225,4.855,3.65,3.4875
4.975,7.4825,6.1325,5.0925,6.7575,1.78,3.6825,4.835,4.06125,5.4825,3.7225,3.39,9.6925,7.1375,6.6875,7.5375,6.4975,4.5775,4.595,4.3025,8.0025,8.17,7.9325,8.565,5.975,6.78,6.7625,2.6625,2.315,2.8825,4.665,3.6275,3.3125
4.975,7.4825,6.1325,5.0925,6.7575,1.78,3.6825,4.835,4.06125,5.4825,3.7225,3.39,9.6925,7.1375,6.6875,7.5375,6.4975,4.5775,4.595,4.3025,8.0025,8.17,7.9325,8.565,5.975,6.78,6.7625,2.6625,2.315,2.8825,4.665,3.6275,3.3125
4.7325,7.305,5.7275,5.0225,6.98,1.745,3.555,4.9325,3.88875,5.49,4.0525,3.4475,9.6025,6.63,6.7625,7.215,6.195,4.37,4.56,4.3625,7.7725,7.9325,7.81,8.2075,5.86,6.8625,6.6775,2.5325,2.3025,2.8225,4.6325,3.585,3.315
5.0925,7.285,6.1025,5.0925,6.86,1.6575,3.6625,4.845,3.9475,5.3925,3.6375,3.21,9.5975,6.55,6.54,7.485,6.1525,4.5375,4.775,4.16,7.9125,7.95,8.03,8.485,5.85,6.7225,6.705,2.6125,2.1725,3.0825,4.6625,3.35,3.2375
4.9925,7.2975,6.0525,5.0175,6.85,1.65,3.64,4.79,3.9025,5.265,3.5875,3.1825,9.535,6.475,6.495,7.3975,6.055,4.5025,4.7675,4.08,7.8125,7.9075,7.89,8.4175,5.77,6.6825,6.5825,2.5675,2.1575,3.0575,4.6,3.2175,3.165
5.035,7.2875,6.0275,5.03,6.8375,1.6725,3.77,4.7825,3.96625,5.2675,3.7,3.1625,9.5775,6.5475,6.425,7.5675,6.195,4.5275,4.98,3.905,7.81,7.86,7.8625,8.4775,5.7825,6.605,6.5575,2.5625,2.1675,3.085,4.565,3.205,3.1725
5.0325,7.2775,6.0225,5.0275,6.8375,1.6775,3.7675,4.78,3.9675,5.2525,3.7,3.145,9.57,6.53,6.4225,7.5625,6.195,4.5275,4.98,3.8925,7.8025,7.85,7.855,8.4625,5.7775,6.585,6.555,2.5625,2.15,3.085,4.5675,3.205,3.1775
5.0625,7.2425,6.03,5.05,6.885,1.675,3.8,4.71,3.98125,5.37,3.7425,3.15,9.56,6.5225,6.4375,7.5575,6.2975,4.7325,4.94,3.845,7.855,7.935,7.92,8.5075,5.825,6.605,6.6625,2.585,2.1525,3.14,4.565,3.2025,3.1725
4.9725,7.18,6.0475,5.12,6.88,1.6125,3.8075,4.665,3.9325,5.3425,3.7975,3.18,9.57,6.495,6.4875,7.545,6.3175,4.7175,4.8225,3.845,8.1,7.8125,7.895,8.705,5.69,6.5875,6.525,2.5875,2.1525,3.365,4.5375,3.1775,3.0725
5.02,7.255,6.285,5.34,7.295,1.6275,3.5775,4.9125,4.145,5.245,4.0375,3.0675,9.7325,6.63,6.49,7.5175,6.015,5.0225,4.8525,3.89,8.3725,7.7475,8.0125,8.5925,6.095,6.8675,6.71,2.5975,2.23,2.9775,4.8775,3.1725,2.6175
5.08,7.3475,6.32,5.0925,7.1325,1.5925,3.5325,4.91,4.09625,5.4025,4.1275,3.0275,9.5325,6.7525,6.465,7.79,6.1275,4.955,4.805,3.9225,8.1525,7.725,7.9,8.635,6.0025,6.92,6.6375,2.6075,2.05,2.83,4.8875,3.17,3.055
5.17,7.3375,6.3475,5.0775,7.135,1.7575,3.535,4.8725,4.1325,5.4275,4.2625,3.28,9.6475,6.6975,6.5425,7.815,6.11,5.045,4.8025,3.945,8.105,7.735,7.88,8.6425,6.0875,6.9525,6.7275,2.605,2.1125,2.855,4.75,3.1675,2.9125
5.03,7.345,6.3375,4.9625,7.1025,1.7475,3.515,4.88,4.1475,5.4225,4.2525,3.27,9.7425,6.665,6.54,7.8125,6.125,5.0975,4.8025,3.9575,8.07,7.725,7.8575,8.515,6.14,6.8475,6.77,2.605,2.105,2.84,4.8175,3.15,2.91
5.0125,7.3925,6.34,4.97,7.07,1.765,3.5125,4.8725,4.1775,5.4225,4.2725,3.27,9.7275,6.6525,6.5475,7.8225,6.1275,5.235,4.8275,3.9925,8.0525,7.73,7.9025,8.5,6.1575,7.0075,6.7975,2.6225,2.0875,2.8525,4.895,3.155,2.9075
5.025,7.4075,6.335,5.0275,7.0925,1.7725,3.5025,4.8425,4.16,5.49,4.27,3.2975,9.7125,6.6575,6.5275,7.84,6.1825,5.275,4.8375,4.025,8.085,7.76,7.7775,8.555,6.205,7.0225,6.73,2.66,2.0675,2.8575,4.9275,3.185,2.905
5.075,7.4975,6.3275,4.9925,6.9025,1.765,3.4725,4.9825,4.18625,5.38,4.3125,3.2675,9.735,6.6925,6.475,7.8075,6.1175,5.3,4.8475,3.99,7.96,7.685,7.905,8.435,6.1425,7.0075,6.885,2.62,2.065,2.8375,5.0075,3.13,2.9925
5.195,7.3575,6.875,5.2225,6.93,1.855,3.405,5.0275,4.13375,5.3675,4.3625,3.42,9.795,6.6925,6.5625,7.7525,6.0625,5.37,4.9025,3.9975,7.9025,7.7875,8.0725,8.3925,6.3725,7.065,6.9525,2.69,2.1675,2.8975,5.225,3.1625,2.8325
5.2775,7.38,6.92,5.2425,6.9325,1.86,3.4075,5.0025,4.11375,5.3625,4.3925,3.4225,9.815,6.6475,6.505,7.765,6.04,5.3625,4.8575,3.9825,7.8975,7.7875,8.0675,8.3525,6.405,7.0825,6.975,2.6775,2.1425,2.8775,5.315,3.1725,2.8325
5.485,7.535,7.17,5.615,7.0725,1.975,3.5375,4.8375,4.225,5.3175,4.5325,3.44,9.7875,7.055,7.2275,8.1975,5.8875,5.55,4.94,4.215,8.5075,8.01,8.04,8.385,6.6725,7.33,7.4425,2.9175,2.055,3.4475,5.415,3.595,2.7475
5.485,7.535,7.17,5.615,7.0725,1.975,3.5375,4.8375,4.225,5.3175,4.5325,3.44,9.7875,7.055,7.2275,8.1975,5.8875,5.55,4.94,4.215,8.5075,8.01,8.04,8.385,6.6725,7.33,7.4425,2.9175,2.055,3.4475,5.415,3.595,2.7475
5.485,7.535,7.17,5.615,7.0725,1.975,3.5375,4.8375,4.225,5.3175,4.5325,3.44,9.7875,7.055,7.2275,8.1975,5.8875,5.55,4.94,4.215,8.5075,8.01,8.04,8.385,6.6725,7.33,7.4425,2.9175,2.055,3.4475,5.415,3.595,2.7475
5.485,7.535,7.17,5.62,7.0775,1.975,3.545,4.8375,4.225,5.3225,4.5325,3.44,9.7825,7.055,7.2125,8.19,5.8875,5.55,4.9425,4.2025,8.5075,7.9775,8.04,8.375,6.675,7.3375,7.4375,2.92,2.055,3.4475,5.4175,3.605,2.7425
5.5575,7.48,7.02,5.9275,6.995,2.065,3.6775,5.1575,4.325,5.2925,4.2775,3.615,9.7525,7.0975,6.935,8.28,6.46,5.455,5.1875,4.3075,8.61,8.325,8.105,8.68,6.8725,7.2925,7.53,2.96,2.2325,3.5275,5.425,3.65,2.8775
5.5525,7.61,7.17,6.0525,7.025,1.865,3.505,5.195,4.47875,5.14,4.2225,3.6075,9.75,7.16,6.9925,8.4275,6.35,5.38,5.1725,4.2125,8.65,8.39,8.095,8.715,7,7.3175,7.53,2.955,2.245,3.5575,5.415,3.5425,2.91
5.7025,7.85,7.9825,6.6675,6.9825,1.835,3.2425,5.225,4.42,4.94,4.2725,3.8475,9.9375,7.665,7.19,8.25,6.8,5.4125,5.22,4.53,8.755,8.685,8.395,8.8325,6.8275,7.2375,7.69,3.1325,2.4375,3.685,5.515,3.6075,3.01
5.81,7.49,7.995,6.7125,6.8675,1.815,3.1875,5.03,5.05375,5.25,4.4525,3.5275,9.8975,7.8425,6.8425,8.2075,6.945,5.97,5.3725,4.6325,9.0025,8.9925,8.9425,8.915,6.95,7.0825,8.0075,3.3525,2.3,3.4075,5.4675,3.555,2.7
5.4975,6.5225,5.8925,4.42,5.585,1.3325,3.21,4.645,1.98125,5.105,5.2,3.165,8.705,6.9725,5.8475,7.2575,5.51,4.7075,4.0875,3.6225,7.26,7.9675,7.2975,7.42,5.6975,7.6125,5.9525,2.52,1.6625,3.205,4.37,3.52,2.37
5.4975,6.5225,5.8925,4.42,5.585,1.3325,3.21,4.645,1.98125,5.105,5.2,3.165,8.705,6.9725,5.8475,7.2575,5.51,4.7075,4.0875,3.6225,7.26,7.9675,7.2975,7.42,5.6975,7.6125,5.9525,2.52,1.6625,3.205,4.37,3.52,2.37
5.5075,6.6975,5.9175,4.425,5.63,1.34,3.2,4.7825,1.9975,5.21,5.1925,3.14,8.645,6.99,5.9025,7.1625,5.3925,4.725,4.07,3.7725,7.3125,7.9075,7.35,7.49,5.8925,7.585,5.9925,2.545,1.6775,3.2425,4.36,3.515,2.33
5.4725,6.885,5.975,4.3375,5.595,1.0325,3.1675,4.6475,1.96125,5.125,5.03,3.125,8.6175,6.665,5.3275,7.1925,5.4825,4.72,4.2675,3.8175,7.44,7.8075,7.3925,7.51,5.94,7.615,5.99,2.5825,1.74,3.2125,4.3425,3.65,2.28
5.4725,6.88,5.9825,4.345,5.5975,1.0325,3.1675,4.6475,1.96125,5.1375,5.0325,3.13,8.6175,6.655,5.33,7.2125,5.48,4.72,4.2675,3.8225,7.44,7.8075,7.3925,7.5125,5.9375,7.6175,5.9925,2.5825,1.74,3.2125,4.3425,3.65,2.2775
5.2125,6.865,5.6725,4.6925,6.055,1.87,3.4025,4.9075,4.4725,5.58,5.075,3.69,8.5775,6.68,5.8825,7.065,5.01,4.835,4.605,4.0675,7.3,8.3075,7.435,7.8325,6.0275,7.215,5.7375,2.5925,1.4175,3.365,4.385,3.8925,2.7225
5.265,6.8025,5.68,4.7,6.0575,2.025,3.5375,5.0175,4.42375,5.62,5.1,3.73,8.55,6.705,5.8925,7.265,5.0225,4.895,4.5925,4.0925,7.305,8.34,7.4625,7.5225,6.11,7.05,6.0275,2.605,1.455,3.3725,4.5375,3.85,2.6
5.5825,7.4775,5.6275,5.1875,6.3575,2.2025,3.5125,5.81,4.6175,5.8125,5.1275,3.96,8.8275,6.82,6.6225,7.3525,5.1,5.1825,5.0575,4.17,7.6975,8.815,8.17,8.0825,7.0325,7.0375,6.955,2.7,1.6425,3.445,4.8225,3.9275,3.05
5.825,7.59,5.9525,5.185,6.215,2.1975,3.71,5.755,4.99625,5.8425,4.9925,3.9725,9.28,6.965,6.645,7.965,4.8575,5.445,5.3375,4.3075,7.6575,9.135,8.1975,8.205,7.095,7.0625,7.645,2.6975,1.705,3.73,5.225,3.9525,3.045
5.825,7.59,5.9525,5.185,6.215,2.1975,3.71,5.755,4.9975,5.8425,4.9925,3.9725,9.28,6.965,6.645,7.965,4.855,5.445,5.3375,4.3075,7.66,9.135,8.1975,8.205,7.095,7.0625,7.645,2.6975,1.705,3.73,5.225,3.9525,3.05
5.8275,7.5775,5.9525,5.1975,6.2025,2.1975,3.7225,5.81,5.1475,5.8175,4.9925,3.9775,9.235,6.935,6.6475,7.9675,4.8675,5.45,5.34,4.36,7.665,9.245,8.26,8.2,7.1225,7.06,7.6525,2.795,1.705,3.7275,5.225,3.9725,3.0425
5.835,7.5775,5.9275,5.19,6.18,2.185,3.695,5.8,5.1125,5.79,4.99,3.9525,9.215,6.9475,6.6325,8.0075,4.875,5.4375,5.315,4.36,7.6425,9.2,8.19,8.215,7.1425,7.02,7.6525,2.7475,1.6375,3.7125,5.1925,4.005,3.0375
5.835,7.5775,5.9275,5.19,6.18,2.185,3.695,5.8,5.1125,5.79,4.99,3.9525,9.215,6.9475,6.6325,8.0075,4.875,5.4375,5.315,4.36,7.6425,9.2,8.19,8.215,7.1425,7.02,7.6525,2.7475,1.6375,3.7125,5.1925,4.005,3.0375
5.835,7.5775,5.9275,5.19,6.18,2.185,3.695,5.8,5.1125,5.79,4.99,3.9525,9.215,6.9475,6.6325,8.0075,4.875,5.4375,5.315,4.36,7.6425,9.2,8.19,8.215,7.1425,7.02,7.6525,2.7475,1.6375,3.7125,5.1925,4.0175,3.0375
4.57,5.5325,5.4175,3.8175,5.515,1.8725,2.33,4.345,3.39625,4.255,3.9425,2.7675,7.79,6.135,5.9425,5.6725,5.065,4.1325,4.435,3.8425,6.545,7.2125,6.41,6.585,5.6825,7.0575,5.6375,1.97,1.7825,2.7275,3.955,3.05,2.2875
4.705,5.815,5.66,3.9225,5.5325,1.7525,2.2475,4.3,3.39125,4.425,3.9975,2.935,8.0225,6.1325,6.09,5.6675,4.775,4.045,4.6925,3.9275,6.8325,7.7675,6.6325,6.89,5.7275,7.3425,5.605,1.975,1.8875,2.915,4.1175,3.14,2.35
3.7775,5.2425,5.2475,3.8125,5.65,1.225,2.475,4.2975,2.2675,4.295,3.23,2.5475,7.17,4.4275,4.76,5.2725,5.015,3.575,3.625,2.9575,5.4925,6.505,4.6425,6.2325,5.0225,5.405,5.3125,1.79,1.3075,2.07,3.4125,2.6075,1.72
3.7875,5.285,5.3125,3.6725,5.5775,1.4025,2.38,4.0225,2.1775,4.0825,2.8175,2.2625,6.97,4.67,4.6475,5.0425,4.8375,3.3975,3.6875,2.905,5.3275,6.4975,4.63,5.785,4.92,5.28,5.4075,1.8025,1.21,2.055,3.435,2.3575,1.65
3.8225,5.2775,5.3375,3.765,5.635,1.3975,2.385,3.9675,2.185,4.0525,2.775,2.2575,6.9275,4.715,4.6325,4.91,4.7675,3.365,3.65,2.92,5.295,6.4775,4.48,5.885,4.885,5.32,5.3175,1.79,1.19,2.03,3.31,2.305,1.65
3.69,5.2775,5.3375,3.765,5.635,1.3975,2.385,3.9675,2.185,4.0525,2.775,2.2575,6.93,4.715,4.6275,4.91,4.7675,3.365,3.65,2.92,5.2925,6.4775,4.48,5.885,4.885,5.32,5.3175,1.7875,1.19,2.03,3.31,2.305,1.65
3.7375,5.285,5.3925,3.7625,5.63,1.3975,2.4675,3.5725,2.18,4.0425,2.7625,2.26,6.87,4.785,4.5925,4.9,4.75,3.3525,3.6825,2.905,5.2675,6.5,4.4725,5.86,4.845,5.3,5.2475,1.7725,1.1675,2.0125,3.3425,2.2675,1.6625
3.5125,5.4075,5.5625,3.7425,5.5725,2.03,2.5075,3.6025,2.20625,4.245,2.4175,2.3375,6.695,4.8275,4.1275,4.78,4.75,3.5375,3.705,2.88,5.3825,6.47,4.5175,6.055,4.99,5.245,5.13,1.77,1.255,1.9575,3.3025,2.28,1.54
3.5775,5.3675,5.5725,3.655,5.5425,1.97,2.3725,3.4,2.105,4.12,2.63,2.28,6.6975,4.6825,4.335,4.635,4.505,3.29,3.64,2.8925,5.2475,6.25,4.4375,6.22,4.9425,5.2525,4.9,1.7125,1.15,1.9375,3.3175,2.1375,1.6475
3.4875,5.065,5.405,3.4675,5.3175,1.58,2.3525,3.355,2.09875,4.09,2.5275,2.2175,6.255,4.43,4.4,4.265,4.5125,3.255,3.4825,2.8025,5.125,6.1025,4.1575,6.1775,4.9075,5.0725,4.585,1.695,1.13,1.89,3.2525,2.0125,1.6075
3.4875,5.065,5.405,3.4675,5.3175,1.58,2.3525,3.355,2.09875,4.09,2.5275,2.2175,6.255,4.43,4.4,4.265,4.5125,3.255,3.4825,2.8025,5.125,6.1025,4.1575,6.1775,4.9075,5.0725,4.585,1.695,1.13,1.89,3.2525,2.0125,1.6075
3.5375,5.04,5.3425,3.355,5.1675,1.4825,2.3625,3.2075,2.64,4.1075,2.5375,2.15,6.2175,4.385,4.2525,4.1775,4.4025,3.2,3.4225,2.74,5.08,5.99,4.045,6.1025,4.8525,4.8775,4.59,1.72,1.1675,1.8375,3.0325,1.995,1.5225
3.3775,4.8675,5.2225,3.2125,4.7325,1.2775,2.365,3.2575,2.6475,4.1725,2.7125,2.1,6.005,4.3875,3.7625,4.0475,4.4225,3.2225,3.3875,2.7675,4.9425,6.1275,4.1075,5.755,4.8425,4.645,4.4475,1.6225,1.1725,1.7225,2.8075,2.015,1.345
3.3175,4.75,5.235,3.1975,4.74,1.28,2.2475,3.1775,2.65625,3.9675,2.62,2.085,5.7525,4.405,3.77,4.0875,4.41,3.2075,3.365,2.7175,4.8025,6.08,4.05,5.7075,4.7975,4.725,4.255,1.5625,1.0975,1.71,2.8225,2.0675,1.4025
3.2775,4.7475,5.1925,3.195,4.6825,1.265,2.24,3.13,2.64625,3.925,2.61,2.0525,5.665,4.39,3.78,4.0325,4.4325,3.135,3.335,2.715,4.725,6.0225,4,5.595,4.7175,4.6675,4.2025,1.5475,1.035,1.69,2.8,2.0325,1.3975
3.2775,4.7475,5.1925,3.195,4.6825,1.265,2.24,3.13,2.64625,3.925,2.61,2.0525,5.665,4.39,3.78,4.0325,4.4325,3.135,3.335,2.715,4.725,6.0225,4,5.595,4.7175,4.6675,4.2025,1.5475,1.035,1.69,2.8,2.0325,1.3975
3.17,4.65,5.24,3.04,4.59,1.345,2.1275,3.05,3.15875,3.5375,2.2975,1.9625,5.4325,4.25,4.075,3.9275,4.49,2.9175,3.28,2.69,4.295,5.855,4,5.4225,4.54,4.5375,3.9275,1.2675,0.89,1.6375,2.7425,1.9875,1.5
2.925,4.5175,5.18,2.6925,4.175,1.2125,1.8475,3,3.3225,3.2175,2.1375,1.935,5.17,4.0225,3.985,3.5925,4.2375,2.6125,2.9075,2.655,4.145,5.765,3.9225,5.4225,4.4,4.0525,3.49,1.14,0.63,1.675,2.54,2.02,1.5
2.835,4.455,4.7725,2.385,4.04,1.12,1.8875,2.8075,3.27625,2.955,2.0675,1.93,4.6675,3.68,3.7675,3.2775,3.895,2.255,2.79,2.655,4.0225,5.2375,3.0675,4.3725,4.22,3.87,3.2125,1.0375,0.69,1.5,2.5,1.9975,1.4025
2.8225,4.4475,4.775,2.3375,3.94,1.12,1.79,2.86,3.22625,2.975,1.85,1.9375,4.5575,3.595,3.745,3.225,3.7625,2.1525,2.7925,2.7125,4.0175,5.0925,3.0175,4.3,4.2125,3.7825,3.2075,1.0475,0.6725,1.3775,2.3525,1.925,1.395
2.85,4.3675,4.7675,2.1825,3.675,1.0175,1.7275,2.7925,3.2,2.925,1.795,1.96,4.5925,3.5775,3.6125,3.1375,3.5175,2.03,2.79,2.71,4.03,5.08,2.9025,4.3075,4.325,3.6825,3.135,1.0225,0.6475,1.33,2.275,1.9275,1.4025
2.82,4.255,4.6525,2.1775,3.655,1.1375,1.6925,2.795,3.17875,2.91,1.795,1.9525,4.57,3.4175,3.555,3.1175,3.47,2.03,2.7725,2.68,3.9275,4.9725,2.8825,4.245,4.36,3.625,3.09,1.0025,0.6175,1.305,2.27,1.88,1.3675
2.805,4.16,4.5525,2.1675,3.665,1.1425,1.63,2.6775,3.175,2.87,1.78,1.89,4.56,3.3925,3.5075,3.0675,3.4425,2.01,2.74,2.6075,3.8225,4.86,2.795,4.105,4.2475,3.5675,3.0125,1,0.735,1.225,2.175,1.8225,1.345
2.7475,4.025,4.48,2.1475,3.575,1.0625,1.565,2.6375,3.15875,2.7275,1.7,1.8575,4.4875,3.365,3.4775,2.9825,3.375,1.9725,2.74,2.555,3.785,4.755,2.8775,3.915,4.145,3.5625,2.9375,0.98,0.74,1.1525,2.0975,1.7275,1.32
2.7825,3.955,4.415,2.1675,3.605,1.0625,1.4275,2.59,3.105,2.72,1.72,1.8425,4.45,3.0825,3.3725,2.95,3.3425,1.9025,2.6525,2.4625,3.6775,4.655,2.9025,3.885,4.135,3.4425,2.985,0.96,0.7475,1.1775,2.0075,1.6325,1.35
2.6675,3.85,4.2775,2.115,3.29,1.06,1.325,2.505,3.08625,2.535,1.6825,1.715,4.51,2.595,3.4325,2.9575,3.2325,1.78,2.54,2.175,3.6825,4.3725,2.8275,3.7225,4.1625,3.3275,2.81,0.965,0.745,1.1525,1.83,1.59,1.2675
2.64,3.795,4.25,2.0625,3.265,1.0375,1.3025,2.5025,3.05875,2.47,1.685,1.7125,4.46,2.525,3.42,2.965,3.22,1.785,2.47,2.11,3.6825,4.3675,2.785,3.6975,4.2025,3.25,2.8075,0.9175,0.715,1.14,1.83,1.5875,1.265
2.5175,3.645,4.27,2.03,3.2,1.0625,1.27,2.345,2.5325,2.445,1.63,1.615,4.36,2.4525,3.32,2.94,3.1625,1.75,2.38,2.0125,3.5675,4.26,2.695,3.6175,4.1425,3.2225,2.75,0.935,0.67,1.115,1.7625,1.5625,1.245
2.52,3.6475,4.2575,2.03,3.195,1.0625,1.2675,2.345,2.5325,2.455,1.63,1.615,4.35,2.4475,3.3175,2.9325,3.1625,1.75,2.36,2.015,3.565,4.32,2.6975,3.62,4.125,3.2225,2.615,0.935,0.67,1.115,1.7625,1.5625,1.245
2.495,3.41,4.1775,1.915,3.1525,1.08,1.2525,2.3025,2.5275,2.4125,1.5975,1.5625,4.2875,2.43,3.1925,2.8275,3.125,1.805,2.3625,1.725,3.5475,4.26,2.6375,3.4825,4.0775,3.0775,2.5625,0.9575,0.6875,1.02,1.7375,1.54,1.1475
2.495,3.41,4.1775,1.915,3.1525,1.08,1.2525,2.3025,2.5275,2.4125,1.5975,1.5625,4.2875,2.43,3.1925,2.8275,3.125,1.805,2.3625,1.725,3.5475,4.26,2.6375,3.4825,4.0775,3.0775,2.5625,0.9575,0.6875,1.02,1.7375,1.54,1.1475
2.2675,3.31,4.0325,1.6625,2.8575,1.13,1.1625,2.155,2.5175,2.4425,1.405,1.4225,4.235,2.2925,3.0875,2.7475,3.08,1.7,2.1625,1.6575,3.33,3.9725,2.595,3.14,3.9125,2.995,2.455,0.9375,0.58,1.02,1.7275,1.4275,1.09
2.32,3.3425,3.925,1.6025,3.0125,0.97,1.155,2.135,2.5175,2.455,1.4675,1.38,4.145,2.28,3.01,2.7025,3.0075,1.635,2.19,1.61,3.3425,4,2.4775,3.1425,3.885,2.985,2.4725,0.8975,0.5975,0.945,1.6225,1.355,1.0875
2.1975,3.05,3.955,1.555,2.8425,1.005,1.095,2.1875,2.53875,2.3125,1.24,1.36,3.9425,2.1725,2.7275,2.6275,2.75,1.5725,2.08,1.6125,3.1875,3.845,2.285,3.1175,3.7225,2.93,2.3425,0.8475,0.5525,0.895,1.6175,1.22,1.04
2.2525,3.1375,3.7175,1.545,2.9475,0.9725,1.1625,2.295,2.53375,2.4275,1.335,1.3625,3.9675,2.1225,2.72,2.6075,2.7725,1.6275,2.12,1.6,3.2,3.7775,2.2125,3.0125,3.785,2.93,2.2625,0.815,0.555,0.8325,1.52,1.23,1.015
2.0625,3.035,3.9025,1.52,2.775,1.0075,1.08,2.3025,2.51125,2.35,1.235,1.3425,3.86,2.1275,2.7225,2.6275,2.835,1.555,2.0625,1.5125,3.0825,3.7275,2.2725,3.0175,3.845,2.96,2.2925,0.83,0.495,0.8825,1.625,1.1875,1.01
2.085,2.9025,3.7275,1.47,2.8,0.8825,1.0825,2.33,2.545,2.2825,1.24,1.305,3.925,2.155,2.78,2.615,2.705,1.4675,2.0525,1.6025,3.08,3.695,2.2375,2.99,3.6425,2.9375,2.1525,0.845,0.54,0.905,1.6025,1.2075,0.9875
1.775,2.6125,3.435,1.4675,2.6,0.565,0.675,1.68,1.64375,1.4825,0.9275,1.145,3.46,2.045,2.6025,2.28,2.2375,1.375,1.52,1.35,2.855,3.545,1.92,2.5725,3.3275,2.635,2.1075,0.7525,0.36,0.73,1.155,1.2175,0.86
1.7525,2.63,3.6875,1.4525,2.425,0.4775,0.7225,1.6725,1.65,1.68,0.8875,1.13,3.6075,2.19,2.395,2.195,2.35,1.315,1.6275,1.515,2.55,3.4425,1.78,2.335,3.145,2.405,1.9675,0.765,0.3625,0.7575,1.175,1.2475,0.895
1.7525,2.63,3.6875,1.4525,2.425,0.4775,0.7225,1.6725,1.65,1.68,0.8875,1.13,3.6075,2.19,2.395,2.195,2.35,1.315,1.6275,1.515,2.55,3.4425,1.78,2.335,3.145,2.405,1.9675,0.765,0.3625,0.7575,1.175,1.2475,0.895
1.8075,2.5375,3.425,1.415,2.4775,0.3675,0.6475,1.6025,1.63,1.4075,0.9025,1.11,3.47,2.005,2.3425,2.1325,2.26,1.325,1.5775,1.465,2.535,3.4725,1.8725,2.3425,3.1125,2.43,1.99,0.665,0.36,0.6825,1.1,1.215,0.8825
1.825,2.46,3.51,1.4575,2.355,0.5275,0.6475,1.595,1.5675,1.5975,0.885,1.0925,3.795,2.115,2.245,2,2.2325,1.2,1.4825,1.5225,2.4025,3.2625,1.6825,2.32,2.9,2.325,1.8075,0.7425,0.3675,0.6975,1.175,1.135,0.955
1.735,2.39,3.36,1.4475,2.445,0.49,0.565,1.57,1.59,1.415,0.88,1.0775,3.9,2.045,2.24,1.95,2.1725,1.2,1.4075,1.4525,2.3925,3.2625,1.6925,2.2425,2.8975,2.2675,1.7225,0.675,0.3625,0.705,1.1425,1.1275,1
1.7075,2.42,3.1575,1.4275,2.38,0.485,0.56,1.5425,1.49,1.3775,0.9575,1.0375,3.675,2.0225,2.2125,1.875,2.2275,1.1275,1.3875,1.425,2.3625,3.225,1.67,2.225,2.82,2.2525,1.705,0.6275,0.37,0.695,1.1225,1.16,1.0325
1.6975,2.4125,3.175,1.4225,2.3675,0.485,0.5625,1.5125,1.39125,1.37,0.95,1.02,3.525,2.005,2.23,1.8525,2.1925,1.125,1.3525,1.4225,2.3275,3.2475,1.6125,2.1875,2.77,2.2225,1.7025,0.63,0.3675,0.6925,1.1175,1.16,1.045
1.715,2.4125,2.8875,1.405,2.2925,0.395,0.56,1.555,1.3875,1.3225,0.9425,1.0075,3.175,1.92,2.205,1.8425,2.15,1.1175,1.4775,1.4575,2.33,3.2625,1.7075,2.19,2.785,2.2625,1.715,0.62,0.3825,0.6875,1.1225,1.1425,1.06
1.755,2.38,2.6725,1.35,2.3025,0.3925,0.5525,1.62,1.41875,1.3375,0.72,0.965,3.1425,1.91,2.19,1.78,2.145,1.1,1.3275,1.44,2.3125,3.265,1.705,2.1475,2.8425,2.23,1.685,0.615,0.3,0.6725,1.0875,1.1375,1.05
1.425,2.135,3.0075,1.3,2.22,0.39,0.5075,1.125,1.31,1.2275,0.8025,0.9325,2.8075,1.7625,1.9675,1.595,1.785,0.85,1.24,1.4125,2.09,3.0725,1.625,2.2275,2.67,2.1275,1.42,0.4875,0.275,0.6025,1.055,0.9125,0.945
1.43,2.07,3.0375,1.2275,2.195,0.3975,0.4875,1.0525,1.31875,1.2175,0.7975,0.945,2.74,1.6575,1.8575,1.5875,1.65,0.8175,1.1825,1.3775,2.055,3.035,1.4925,2.3225,2.59,2.205,1.395,0.465,0.27,0.5725,1.0425,0.875,0.9375
1.41,2.015,2.95,1.21,2.18,0.4,0.48,1.0525,1.32375,1.2,0.7975,0.925,2.6725,1.5925,1.8375,1.695,1.5925,0.785,1.15,1.37,2.045,2.9625,1.4675,2.265,2.555,2.16,1.36,0.46,0.265,0.54,1.04,0.87,0.9275
1.4075,2.01,2.91,1.22,2.0775,0.4075,0.4825,1.1275,1.3075,1.215,0.795,0.915,2.485,1.65,1.7625,1.6075,1.5625,0.7525,1.11,1.42,2.0275,2.875,1.4575,2.2325,2.5925,2.0725,1.33,0.455,0.26,0.5225,1.0225,0.875,0.9175
1.3675,2.025,2.9675,1.1925,1.9525,0.48,0.485,1.1025,1.29625,1.25,0.75,0.9025,2.3975,1.66,1.945,1.67,1.6525,0.7575,1.1725,1.435,2.05,2.7625,1.52,2.165,2.44,1.9875,1.2825,0.425,0.26,0.52,0.98,0.895,0.94
1.395,2.0175,2.995,1.1925,1.9725,0.47,0.4825,1.115,1.2775,1.2275,0.7575,0.935,2.31,1.565,1.975,1.645,1.62,0.7425,1.11,1.4475,2.015,2.735,1.485,2.185,2.435,1.9925,1.2875,0.4325,0.26,0.455,0.9775,0.935,0.9375
1.3675,1.92,2.9775,1.1925,1.9225,0.5175,0.4375,1.115,1.2825,1.13,0.7375,0.935,2.2525,1.4275,1.9,1.6125,1.4475,0.7275,1.0575,1.4675,1.93,2.645,1.37,2.1375,2.4075,2.04,1.325,0.4375,0.25,0.4625,0.975,0.86,0.9075
1.3375,1.925,3.0125,1.1525,1.8975,0.51,0.4425,1.1125,1.27125,1.1725,0.705,0.8775,2.265,1.475,1.925,1.5725,1.5475,0.7075,1.0825,1.465,1.9425,2.62,1.435,2.1925,2.325,1.9925,1.2475,0.4275,0.2475,0.4625,0.9625,0.89,0.9625
1.3375,1.925,3.0125,1.1525,1.8975,0.51,0.4425,1.1125,1.27125,1.1725,0.705,0.8775,2.265,1.475,1.925,1.5725,1.5475,0.7075,1.0825,1.465,1.9425,2.62,1.435,2.1925,2.325,1.9925,1.2475,0.4275,0.2475,0.4625,0.9625,0.89,0.9625
1.3275,1.8875,2.9075,1.165,1.8675,0.5075,0.45,1.195,1.27,1.1375,0.675,0.8575,2.2225,1.395,1.915,1.5475,1.485,0.715,1.0625,1.4375,1.9,2.565,1.405,2.175,2.3425,1.9325,1.1925,0.4025,0.24,0.445,0.95,0.8725,0.935
1.3225,1.885,2.8875,1.16,1.8775,0.505,0.4625,1.215,1.2675,1.13,0.665,0.855,2.225,1.3825,1.9075,1.545,1.475,0.7125,1.045,1.43,1.8975,2.58,1.4075,2.1725,2.3225,1.9175,1.1875,0.3975,0.2325,0.445,0.94,0.875,0.9275
1.315,1.85,2.8425,1.135,1.825,0.51,0.475,1.205,1.2675,1.12,0.6525,0.8425,2.2,1.335,1.9125,1.4975,1.4425,0.7,0.995,1.4425,1.8725,2.61,1.3875,2.15,2.3275,1.8775,1.1775,0.4025,0.2325,0.4375,0.92,0.845,0.9225
1.3025,1.83,2.785,1.1225,1.785,0.51,0.4825,1.1975,1.2725,1.0675,0.6475,0.8625,2.1675,1.3275,1.8375,1.46,1.3175,0.67,0.965,1.415,1.8225,2.515,1.3225,2.105,2.3025,1.9025,1.215,0.4025,0.2375,0.4375,0.915,0.815,0.9275
1.295,1.85,2.8,1.1175,1.73,0.5,0.485,1.2025,1.1925,1.0275,0.635,0.77,2.1725,1.3375,1.725,1.4775,1.33,0.66,0.955,1.305,1.775,2.505,1.2775,2.0725,2.235,1.87,1.2025,0.3725,0.2225,0.395,0.9125,0.7775,0.9325
1.295,1.85,2.8,1.1175,1.73,0.5,0.485,1.2025,1.1925,1.0275,0.635,0.77,2.1725,1.3375,1.725,1.4775,1.33,0.66,0.955,1.305,1.775,2.505,1.2775,2.0725,2.235,1.87,1.2025,0.3725,0.2225,0.395,0.9125,0.7775,0.9325
1.265,1.7375,2.6625,1.0825,1.7075,0.365,0.4775,1.2425,1.2325,0.9925,0.5975,0.7375,2.1925,1.315,1.73,1.405,1.1575,0.6525,0.99,1.2775,1.76,2.31,1.1325,2.035,2.24,1.835,1.19,0.3575,0.215,0.3975,0.89,0.7875,0.915
1.2375,1.6975,2.62,1.07,1.71,0.365,0.465,1.2375,1.23,0.975,0.59,0.735,2.1725,1.2425,1.685,1.405,1.1375,0.645,1.01,1.2675,1.75,2.265,1.1125,2.0075,2.2225,1.825,1.1775,0.3625,0.22,0.395,0.9025,0.7475,0.9025
1.135,1.6175,2.62,0.9675,1.67,0.4125,0.455,1.1125,1.11375,0.95,0.535,0.735,2,1.1775,1.6725,1.355,1.05,0.6325,1.025,1.25,1.73,2.1825,1.125,1.945,2.17,1.765,1.1575,0.3175,0.215,0.3925,0.8425,0.735,0.775
1.095,1.6175,2.6875,0.9375,1.65,0.3725,0.425,1.08,1.17875,0.9275,0.535,0.7,1.965,1.1825,1.705,1.2925,1.08,0.6275,0.96,1.25,1.7425,2.1475,1.1275,1.8125,2.155,1.7275,1.115,0.31,0.2075,0.38,0.805,0.7125,0.755
1.085,1.595,2.7,0.93,1.6225,0.3725,0.4925,1.07,1.16625,0.905,0.53,0.68,1.95,1.1925,1.675,1.2725,1.0175,0.6025,0.9825,1.205,1.725,2.1325,1.125,1.785,2.035,1.705,1.065,0.31,0.21,0.3825,0.78,0.735,0.735
1.0625,1.565,2.67,0.8975,1.61,0.3675,0.5,1.0525,1.13625,0.9,0.5325,0.67,2.0175,1.19,1.64,1.2625,0.9875,0.5925,0.9725,1.26,1.705,2.165,1.1075,1.72,1.9375,1.695,1.075,0.3025,0.2075,0.38,0.7575,0.73,0.7225
1.065,1.545,2.68,0.8275,1.6175,0.345,0.425,0.9625,1.13125,0.915,0.5225,0.6575,2.0125,1.105,1.565,1.2675,1.0025,0.5975,0.955,1.21,1.7675,2.05,1.08,1.72,1.905,1.6575,1.0525,0.2975,0.2125,0.3325,0.74,0.715,0.725
1.04,1.485,2.46,0.795,1.6125,0.22,0.4175,0.8575,0.6575,0.7475,0.49,0.55,1.6675,0.905,1.4225,1.3,0.9375,0.545,0.8775,1.3,1.515,1.89,1.14,1.4075,1.8,1.5625,1.075,0.265,0.1675,0.3725,0.6525,0.6775,0.735
1.0225,1.4775,2.3375,0.7825,1.4625,0.22,0.3925,0.875,0.6475,0.725,0.505,0.6,1.66,0.8675,1.44,1.275,0.965,0.54,0.795,1.3,1.55,1.885,1.1175,1.435,1.83,1.485,1.06,0.2575,0.175,0.385,0.645,0.64,0.745
1.0375,1.4475,2.2725,0.7775,1.3775,0.2375,0.3975,0.8475,0.6725,0.7025,0.4975,0.5925,1.6875,0.8875,1.4375,1.2575,0.9375,0.5375,0.7975,1.3575,1.63,1.795,1.1025,1.4375,1.8,1.485,1.065,0.2575,0.1725,0.39,0.645,0.6175,0.75
1.0375,1.4475,2.2725,0.7775,1.3775,0.2375,0.3975,0.8475,0.6725,0.7025,0.4975,0.5925,1.6875,0.8875,1.4375,1.2575,0.9375,0.5375,0.7975,1.3575,1.63,1.795,1.1025,1.4375,1.8,1.485,1.065,0.2575,0.1725,0.39,0.645,0.6175,0.75
1.045,1.4525,2.2175,0.7575,1.3125,0.23,0.3725,0.7875,0.87,0.655,0.5225,0.6375,1.7825,0.835,1.415,1.2025,1.0275,0.5275,0.57,1.2275,1.495,1.8125,1.03,1.5725,1.785,1.38,1.055,0.24,0.1775,0.3775,0.665,0.6125,0.7075
0.965,1.385,2.045,0.76,1.2575,0.205,0.3625,0.7425,0.875,0.5775,0.455,0.6275,1.8075,0.7675,1.3475,1.0975,1.1725,0.5175,0.7425,1.2175,1.51,1.8825,0.9525,1.4375,1.835,1.245,1.0825,0.22,0.1625,0.35,0.6125,0.575,0.5725
0.96,1.3425,1.9975,0.8475,1.2825,0.215,0.3425,0.785,0.55,0.555,0.475,0.615,1.68,0.7175,1.235,1.1475,1.225,0.53,0.8075,1.1875,1.52,1.845,0.9475,1.46,1.59,1.26,1.0925,0.205,0.15,0.36,0.56,0.5375,0.5825
0.9475,1.345,1.9075,0.8175,1.235,0.215,0.34,0.78,0.5675,0.5425,0.465,0.6175,1.62,0.73,1.16,1.1575,1.2125,0.5225,0.7925,1.24,1.465,1.795,0.9475,1.495,1.6325,1.2525,1.0625,0.2,0.1475,0.355,0.5525,0.515,0.5825
0.4625,0.7875,1.1275,0.54,0.6375,0.155,0.15,0.4825,0.4325,0.315,0.305,0.315,1.145,0.465,1.1175,0.675,0.655,0.3125,0.4675,0.8275,0.97,1.16,0.6125,0.78,0.9025,0.6825,0.6125,0.16,0.095,0.19,0.285,0.3275,0.405
0.4625,0.7875,1.1275,0.54,0.6375,0.155,0.15,0.4825,0.4325,0.315,0.305,0.315,1.145,0.465,1.1175,0.675,0.655,0.3125,0.4675,0.8275,0.97,1.16,0.6125,0.78,0.9025,0.6825,0.6125,0.16,0.095,0.19,0.285,0.3275,0.405
0.4325,0.6875,1.035,0.54,0.62,0.1475,0.1525,0.3025,0.4325,0.3125,0.29,0.3275,1.0375,0.42,1.1975,0.605,0.62,0.3025,0.35,0.685,0.7825,0.99,0.6275,0.705,0.8025,0.65,0.5225,0.125,0.09,0.1825,0.2575,0.28,0.3675
0.455,0.6925,1.0275,0.5425,0.615,0.1475,0.1525,0.3025,0.4325,0.3125,0.2875,0.325,1.035,0.4175,1.1875,0.6025,0.6225,0.3025,0.35,0.665,0.7675,0.9925,0.62,0.7,0.795,0.6475,0.52,0.125,0.09,0.1825,0.26,0.275,0.37
0.455,0.6925,1.0275,0.5425,0.615,0.1475,0.1525,0.3025,0.4325,0.3125,0.2875,0.325,1.035,0.4175,1.1875,0.6025,0.6225,0.3025,0.35,0.665,0.7675,0.9925,0.62,0.7,0.795,0.6475,0.52,0.125,0.09,0.1825,0.26,0.275,0.37
0.425,0.655,1.02,0.54,0.6575,0.145,0.1525,0.3075,0.395,0.255,0.2825,0.3075,0.995,0.415,1.045,0.5525,0.56,0.3175,0.3625,0.57,0.6475,0.98,0.63,0.64,0.67,0.5175,0.5425,0.1275,0.0925,0.1575,0.2525,0.27,0.365
0.4225,0.6675,1.02,0.59,0.645,0.15,0.155,0.2975,0.4675,0.2575,0.2775,0.295,0.9625,0.42,1.015,0.5525,0.635,0.315,0.345,0.555,0.6325,0.925,0.62,0.595,0.665,0.5,0.5275,0.125,0.0925,0.155,0.245,0.27,0.3525
0.4325,0.645,1.005,0.5525,0.64,0.145,0.1425,0.3075,0.4675,0.28,0.2825,0.295,0.9175,0.4175,1.0075,0.5575,0.6075,0.315,0.3325,0.5525,0.6225,0.8275,0.62,0.5675,0.6525,0.495,0.5,0.1225,0.0875,0.1575,0.25,0.2575,0.325
0.4325,0.645,1.005,0.5525,0.64,0.145,0.1425,0.3075,0.4675,0.28,0.2825,0.295,0.9175,0.4175,1.0075,0.5575,0.6075,0.315,0.3325,0.5525,0.6225,0.8275,0.62,0.5675,0.6525,0.495,0.5,0.1225,0.0875,0.1575,0.25,0.2575,0.325
0.4325,0.65,1.01,0.5575,0.6475,0.1475,0.1425,0.31,0.4725,0.28,0.275,0.295,0.9075,0.4175,0.9875,0.5575,0.6,0.3125,0.335,0.5625,0.6225,0.84,0.6175,0.555,0.6525,0.4925,0.5,0.1225,0.0875,0.1575,0.2425,0.255,0.33
0.47,0.68,1.005,0.58,0.685,0.1475,0.15,0.3225,0.46,0.2775,0.285,0.285,0.9025,0.4275,0.885,0.59,0.6025,0.31,0.4175,0.57,0.6225,0.85,0.625,0.5525,0.65,0.525,0.4825,0.1225,0.09,0.155,0.2475,0.255,0.3325
0.5025,0.675,1,0.565,0.6675,0.1475,0.1475,0.305,0.4575,0.28,0.285,0.285,0.905,0.4275,0.88,0.595,0.62,0.31,0.415,0.5675,0.69,0.82,0.6125,0.5875,0.6525,0.515,0.4825,0.125,0.0925,0.155,0.2475,0.255,0.3275
0.5075,0.67,1,0.575,0.645,0.1475,0.1475,0.3075,0.4575,0.2775,0.285,0.2825,0.905,0.4275,0.8675,0.5925,0.62,0.31,0.415,0.5525,0.69,0.82,0.6125,0.5825,0.65,0.515,0.48,0.125,0.0925,0.155,0.2475,0.2525,0.325
0.485,0.625,0.965,0.52,0.565,0.145,0.15,0.325,0.34,0.2725,0.2675,0.2425,0.8675,0.3925,0.875,0.6325,0.5675,0.3025,0.3925,0.555,0.6275,0.7475,0.57,0.55,0.61,0.545,0.48,0.1225,0.09,0.1425,0.205,0.23,0.28
0.49,0.6275,0.965,0.53,0.565,0.1475,0.15,0.3275,0.33,0.275,0.265,0.255,0.885,0.39,0.87,0.6425,0.5825,0.3075,0.3925,0.585,0.675,0.75,0.5775,0.555,0.615,0.5575,0.4875,0.125,0.09,0.145,0.2075,0.235,0.2875
0.53,0.5975,0.9825,0.5625,0.5675,0.1475,0.1525,0.2925,0.325,0.2825,0.2575,0.2675,0.8875,0.395,0.84,0.59,0.57,0.3125,0.4075,0.61,0.745,0.81,0.5875,0.555,0.595,0.525,0.485,0.125,0.09,0.145,0.215,0.245,0.2925
0.545,0.62,0.9925,0.57,0.5275,0.145,0.1625,0.2975,0.325,0.3,0.2675,0.265,0.96,0.415,0.9125,0.595,0.5675,0.3075,0.4025,0.645,0.7175,0.7825,0.5825,0.575,0.6,0.5425,0.515,0.13,0.0925,0.145,0.21,0.2475,0.2875
0.55,0.65,1.01,0.56,0.5875,0.1425,0.165,0.295,0.3275,0.3,0.2675,0.235,0.965,0.41,0.93,0.5775,0.585,0.3175,0.425,0.675,0.7275,0.78,0.5675,0.5075,0.595,0.5625,0.5,0.135,0.0925,0.1425,0.2125,0.2525,0.29
0.55,0.65,1.01,0.56,0.5875,0.1425,0.165,0.295,0.3275,0.3,0.2675,0.235,0.965,0.41,0.93,0.5775,0.585,0.3175,0.425,0.675,0.7275,0.78,0.5675,0.5075,0.595,0.5625,0.5,0.135,0.0925,0.1425,0.2125,0.2525,0.29
0.5525,0.605,1.0425,0.585,0.4875,0.1375,0.1625,0.26,0.33,0.305,0.28,0.2375,0.9875,0.46,0.9025,0.665,0.6125,0.31,0.41,0.7,0.73,0.8175,0.5525,0.4675,0.5575,0.5325,0.51,0.135,0.0925,0.1475,0.2075,0.2525,0.2725
0.3125,0.5625,0.8375,0.41,0.3675,0.1275,0.1275,0.2225,0.2325,0.2225,0.195,0.1575,0.7425,0.2375,0.4525,0.4625,0.335,0.2375,0.335,0.5425,0.4875,0.57,0.385,0.4375,0.48,0.435,0.4525,0.1125,0.0925,0.11,0.1525,0.185,0.2125
0.2975,0.5525,0.8375,0.415,0.36,0.125,0.1275,0.2275,0.275,0.2225,0.195,0.1475,0.7425,0.2425,0.4575,0.455,0.3575,0.2275,0.3175,0.525,0.4775,0.5375,0.365,0.4275,0.4725,0.4325,0.44,0.11,0.0925,0.11,0.155,0.1825,0.2275
0.2925,0.5675,0.8925,0.415,0.3425,0.1225,0.13,0.23,0.2725,0.2225,0.2025,0.1475,0.7375,0.2425,0.43,0.4125,0.35,0.2225,0.3125,0.5,0.4875,0.5225,0.3525,0.4125,0.4575,0.425,0.4325,0.1075,0.0925,0.11,0.1525,0.18,0.2125
0.3225,0.5825,0.9,0.4125,0.37,0.1225,0.1275,0.2225,0.2775,0.225,0.195,0.145,0.75,0.2375,0.43,0.4925,0.3625,0.245,0.3,0.5025,0.48,0.525,0.355,0.415,0.4925,0.4325,0.4225,0.1075,0.0925,0.1075,0.155,0.1825,0.2175
0.2825,0.585,0.8725,0.4175,0.345,0.1225,0.13,0.23,0.2775,0.225,0.2,0.1475,0.74,0.24,0.4275,0.4075,0.3425,0.225,0.3,0.495,0.485,0.52,0.3575,0.4075,0.4825,0.425,0.4175,0.1075,0.0925,0.1075,0.15,0.18,0.2125
0.2825,0.585,0.8725,0.4175,0.345,0.1225,0.13,0.23,0.2775,0.225,0.2,0.1475,0.74,0.24,0.4275,0.4075,0.3425,0.225,0.3,0.495,0.485,0.52,0.3575,0.4075,0.4825,0.425,0.4175,0.1075,0.0925,0.1075,0.15,0.18,0.2125
0.265,0.58,0.865,0.4075,0.3375,0.12,0.1275,0.3025,0.2675,0.1925,0.19,0.145,0.6725,0.2425,0.485,0.375,0.3525,0.2175,0.175,0.4625,0.4575,0.495,0.34,0.38,0.4575,0.4025,0.4075,0.11,0.09,0.105,0.1475,0.17,0.2025
0.2625,0.5775,0.87,0.395,0.3275,0.1275,0.1275,0.295,0.2625,0.1875,0.1925,0.14,0.6675,0.25,0.485,0.375,0.3425,0.2475,0.215,0.4525,0.4625,0.4925,0.33,0.375,0.46,0.395,0.41,0.11,0.09,0.105,0.1475,0.17,0.205
0.2425,0.5875,0.8575,0.4,0.3225,0.1275,0.1275,0.2975,0.265,0.175,0.195,0.1425,0.6675,0.2275,0.4625,0.3625,0.3325,0.2375,0.2175,0.4525,0.455,0.475,0.3375,0.375,0.4525,0.395,0.42,0.11,0.09,0.105,0.1475,0.175,0.2
0.2275,0.57,0.8475,0.385,0.3325,0.1275,0.125,0.2775,0.26,0.175,0.1925,0.155,0.63,0.225,0.4775,0.3725,0.3175,0.2375,0.2325,0.4825,0.4475,0.49,0.3375,0.35,0.455,0.375,0.4125,0.11,0.09,0.1075,0.145,0.175,0.1975
0.2325,0.605,0.845,0.3975,0.33,0.125,0.125,0.285,0.2625,0.1775,0.1925,0.1425,0.67,0.23,0.47,0.3775,0.325,0.2475,0.2225,0.4725,0.4625,0.4875,0.345,0.3525,0.455,0.3975,0.415,0.1125,0.09,0.105,0.1475,0.1775,0.1975
0.2325,0.6,0.8475,0.4,0.32,0.125,0.1275,0.285,0.2625,0.175,0.1925,0.145,0.67,0.23,0.4675,0.3775,0.325,0.245,0.2225,0.4675,0.465,0.485,0.345,0.35,0.4525,0.3975,0.415,0.1125,0.09,0.105,0.1475,0.1775,0.1975
0.25,0.5925,0.855,0.3825,0.3375,0.1275,0.1275,0.285,0.2625,0.17,0.195,0.14,0.66,0.225,0.475,0.47,0.3275,0.2525,0.22,0.4675,0.515,0.49,0.3475,0.3525,0.465,0.405,0.4075,0.1125,0.09,0.105,0.155,0.1825,0.2025
0.26,0.5975,0.87,0.345,0.33,0.1275,0.13,0.2625,0.2625,0.1725,0.19,0.1425,0.6725,0.23,0.5375,0.4625,0.3,0.25,0.2225,0.49,0.5075,0.48,0.3475,0.35,0.45,0.405,0.3975,0.1125,0.0875,0.105,0.16,0.18,0.2
0.2825,0.615,0.88,0.335,0.3475,0.1275,0.1325,0.225,0.2775,0.175,0.1925,0.145,0.715,0.2275,0.505,0.5,0.3,0.2525,0.2375,0.5025,0.48,0.4975,0.345,0.365,0.4575,0.4225,0.4125,0.1175,0.0875,0.1075,0.165,0.185,0.19
0.2825,0.615,0.88,0.335,0.3475,0.1275,0.1325,0.225,0.2775,0.175,0.1925,0.145,0.715,0.2275,0.505,0.5,0.3,0.2525,0.2375,0.5025,0.48,0.4975,0.345,0.365,0.4575,0.4225,0.4125,0.1175,0.0875,0.1075,0.165,0.185,0.19
0.2825,0.615,0.88,0.335,0.3475,0.1275,0.1325,0.225,0.2775,0.175,0.1925,0.145,0.715,0.2275,0.505,0.5,0.3,0.2525,0.2375,0.5025,0.48,0.4975,0.345,0.365,0.4575,0.4225,0.4125,0.1175,0.0875,0.1075,0.165,0.185,0.19
0.2775,0.5875,0.87,0.3425,0.33,0.1275,0.13,0.245,0.205,0.215,0.19,0.1475,0.7175,0.225,0.5125,0.47,0.3,0.25,0.22,0.47,0.47,0.4825,0.3375,0.3575,0.4425,0.4325,0.4075,0.1125,0.0875,0.105,0.1575,0.185,0.185
0.27,0.56,0.855,0.34,0.3275,0.1275,0.125,0.24,0.19,0.2,0.1925,0.145,0.7225,0.2225,0.535,0.46,0.3175,0.2525,0.215,0.465,0.4525,0.465,0.3325,0.3375,0.445,0.4325,0.4025,0.1125,0.0875,0.105,0.1575,0.1825,0.1875
0.2875,0.5625,0.8475,0.35,0.2875,0.1275,0.1275,0.24,0.195,0.205,0.1925,0.15,0.7025,0.2225,0.5425,0.4325,0.3475,0.2525,0.2025,0.465,0.485,0.47,0.3325,0.34,0.45,0.4125,0.405,0.1125,0.0875,0.1025,0.165,0.16,0.1875
0.305,0.585,0.855,0.3375,0.2925,0.1275,0.1275,0.24,0.2,0.215,0.1925,0.1525,0.7175,0.2175,0.52,0.4425,0.35,0.2525,0.2075,0.465,0.48,0.48,0.33,0.3375,0.4475,0.4175,0.405,0.1125,0.0875,0.1025,0.165,0.16,0.185
0.305,0.59,0.8625,0.34,0.2925,0.1275,0.125,0.24,0.1975,0.21,0.1925,0.1525,0.7175,0.215,0.5225,0.45,0.35,0.26,0.2075,0.47,0.4825,0.4925,0.3375,0.35,0.4475,0.4125,0.4125,0.115,0.0875,0.105,0.165,0.16,0.18
0.305,0.57,0.9075,0.3775,0.31,0.1275,0.13,0.1975,0.165,0.235,0.1825,0.1575,0.765,0.23,0.495,0.4425,0.3525,0.26,0.1975,0.4825,0.4825,0.4675,0.3375,0.385,0.45,0.41,0.405,0.115,0.0875,0.1025,0.165,0.1825,0.17
0.2225,0.43,0.6725,0.2025,0.25,0.11,0.105,0.155,0.3525,0.1625,0.13,0.13,0.5725,0.215,0.355,0.3275,0.2075,0.2125,0.145,0.4625,0.355,0.3625,0.2775,0.215,0.3,0.385,0.3225,0.1025,0.0875,0.095,0.13,0.12,0.14
0.2225,0.41,0.6325,0.175,0.21,0.1075,0.1025,0.155,0.2825,0.16,0.1275,0.135,0.58,0.2075,0.345,0.24,0.1975,0.2075,0.1375,0.4525,0.365,0.3475,0.2875,0.2,0.2975,0.3625,0.3175,0.1025,0.0875,0.095,0.12,0.1175,0.1375
0.225,0.4125,0.6275,0.175,0.21,0.1075,0.1,0.155,0.2825,0.16,0.1275,0.135,0.58,0.2075,0.3475,0.235,0.1975,0.2075,0.1375,0.4475,0.3625,0.3475,0.2875,0.2,0.2975,0.36,0.3175,0.1025,0.0875,0.095,0.12,0.1175,0.1375
0.2225,0.415,0.6375,0.175,0.205,0.1075,0.1025,0.16,0.285,0.1625,0.1275,0.135,0.5725,0.2075,0.345,0.24,0.205,0.2025,0.1375,0.445,0.3675,0.3475,0.2925,0.2025,0.3,0.36,0.3325,0.1025,0.085,0.095,0.1225,0.1175,0.14
0.21,0.38,0.6425,0.2325,0.2025,0.11,0.105,0.1875,0.22,0.155,0.1225,0.1225,0.4925,0.21,0.3475,0.1725,0.15,0.2075,0.1325,0.435,0.325,0.3275,0.27,0.19,0.2825,0.33,0.3,0.0975,0.085,0.0925,0.1125,0.1125,0.1275
0.2125,0.3825,0.63,0.2225,0.195,0.11,0.105,0.1575,0.2225,0.16,0.1225,0.12,0.4825,0.2075,0.3725,0.1875,0.15,0.2125,0.135,0.4375,0.3125,0.3375,0.2925,0.195,0.2875,0.3475,0.3275,0.0975,0.085,0.0975,0.1175,0.11,0.13
0.18,0.35,0.6025,0.2375,0.1975,0.1075,0.105,0.13,0.225,0.1375,0.1125,0.1175,0.425,0.2175,0.325,0.2025,0.145,0.175,0.1225,0.4675,0.28,0.305,0.28,0.18,0.27,0.3175,0.2875,0.0925,0.08,0.09,0.1125,0.1075,0.1175
0.1575,0.345,0.5775,0.265,0.1975,0.1075,0.105,0.1325,0.1825,0.1375,0.1125,0.1225,0.395,0.255,0.3475,0.2325,0.1475,0.1725,0.1275,0.38,0.275,0.3,0.2575,0.18,0.2625,0.2925,0.295,0.0975,0.08,0.09,0.1125,0.11,0.1225
0.1325,0.335,0.4925,0.1975,0.1425,0.0975,0.0925,0.1475,0.16,0.1275,0.1125,0.135,0.3975,0.2075,0.315,0.215,0.1625,0.1875,0.115,0.2325,0.2,0.28,0.23,0.1975,0.215,0.235,0.275,0.1,0.0825,0.0875,0.105,0.095,0.11
0.135,0.32,0.4875,0.2,0.1475,0.1,0.0925,0.1475,0.16,0.13,0.115,0.135,0.395,0.21,0.3125,0.2175,0.17,0.185,0.12,0.235,0.2,0.31,0.245,0.185,0.2225,0.24,0.2475,0.1,0.08,0.0875,0.105,0.0975,0.11
0.135,0.305,0.485,0.205,0.1575,0.1,0.0925,0.1475,0.1575,0.13,0.1075,0.135,0.385,0.2,0.3025,0.215,0.16,0.1775,0.12,0.2325,0.1975,0.285,0.225,0.1825,0.215,0.225,0.245,0.1,0.08,0.0875,0.1075,0.1,0.1125
0.135,0.29,0.5225,0.2025,0.16,0.1,0.095,0.12,0.1575,0.1275,0.11,0.1325,0.37,0.205,0.31,0.22,0.1575,0.185,0.1175,0.2725,0.1975,0.2975,0.2125,0.1875,0.2175,0.2225,0.25,0.1,0.0825,0.0875,0.1075,0.095,0.115
0.16,0.33,0.5175,0.2475,0.175,0.1075,0.095,0.1175,0.1725,0.125,0.115,0.1425,0.5325,0.22,0.3175,0.2825,0.19,0.2175,0.125,0.2975,0.225,0.31,0.255,0.19,0.2675,0.245,0.3125,0.1,0.0825,0.09,0.11,0.11,0.1175
0.175,0.325,0.5575,0.2525,0.1775,0.11,0.0975,0.115,0.1775,0.1275,0.1275,0.1425,0.535,0.2375,0.325,0.29,0.21,0.22,0.1325,0.3225,0.2175,0.3175,0.2775,0.195,0.28,0.24,0.335,0.0925,0.0825,0.09,0.11,0.11,0.115
0.1725,0.335,0.5625,0.2425,0.17,0.1125,0.1,0.115,0.1725,0.125,0.13,0.1425,0.5275,0.23,0.34,0.2725,0.2,0.2175,0.1325,0.3175,0.22,0.3225,0.285,0.1875,0.2775,0.235,0.3575,0.0925,0.0825,0.09,0.11,0.11,0.115
0.1675,0.33,0.5575,0.2225,0.175,0.11,0.1,0.14,0.1825,0.1275,0.1275,0.1425,0.5075,0.2175,0.335,0.2575,0.195,0.2075,0.13,0.3075,0.215,0.3,0.265,0.1775,0.2775,0.25,0.36,0.095,0.085,0.0925,0.11,0.11,0.1125
0.1775,0.3575,0.555,0.2125,0.1675,0.11,0.1,0.13,0.18,0.1275,0.1275,0.1525,0.5225,0.2275,0.3475,0.275,0.205,0.2175,0.155,0.3325,0.2525,0.32,0.2775,0.2175,0.3,0.245,0.385,0.0975,0.0875,0.095,0.11,0.1125,0.115
