2.727,2.782,2.1135,1.9905,2.45825,2.22525,2.55675,2.4355,2.9515,2.52825,2.7635,2.82975,2.83325,2.89575,2.956,2.72275,2.469,2.64625,2.731,2.96975,3.05375,3.05325,2.7185,3.016,2.60375,2.899,2.47875,3.00175,2.8755,2.82575,2.79725,2.8495,3.6955
4.437,4.735,2.992,2.72875,3.6665,3.16525,3.79825,3.61625,4.87825,3.95875,4.2335,4.64025,4.48175,4.815,4.8345,4.51875,3.62125,4.28225,4.2725,4.97025,5.327,5.353,4.3875,5.1125,3.7045,4.8355,3.7165,5.021,4.84,4.5085,4.66975,4.6675,5.44025
3.0525,3.173,2.16425,2.01,2.62475,2.3085,2.69975,2.5775,3.34875,2.774,2.95025,3.301,3.1365,3.303,3.31025,3.137,2.653,2.946,3.04975,3.42725,3.66975,3.5825,3.10625,3.485,2.6855,3.29775,2.703,3.4405,3.3,3.1405,3.20475,3.21825,3.5855
2.96125,3.073,2.0915,1.93825,2.54475,2.2355,2.6185,2.4935,3.25625,2.68725,2.85775,3.21725,3.04125,3.2115,3.2125,3.04575,2.57075,2.86075,2.962,3.329,3.5735,3.47225,3.012,3.38225,2.60025,3.204,2.61375,3.3465,3.2045,3.042,3.10575,3.128,3.60275
2.9315,3.02825,2.0755,1.923,2.52275,2.21975,2.59825,2.46925,3.2215,2.662,2.82625,3.19375,3.01175,3.17875,3.17675,3.01375,2.5865,2.857,2.93475,3.29375,3.53975,3.42375,2.98625,3.34425,2.59575,3.17,2.59125,3.3115,3.167,3.00825,3.06975,3.097,3.58725
2.91475,2.9945,2.0355,1.87275,2.4985,2.1865,2.56825,2.43,3.21975,2.637,2.7925,3.20725,2.9935,3.179,3.158,3.0065,2.58925,2.867,2.924,3.29875,3.56225,3.4075,2.97075,3.338,2.5685,3.17225,2.56025,3.317,3.15675,2.9815,3.053,3.0935,3.753
2.62475,2.60325,1.83775,1.612,2.2425,1.9535,2.316,2.1555,2.93075,2.362,2.5095,2.99025,2.70425,2.9095,2.84475,2.7445,2.4625,2.685,2.66625,3.03225,3.286,2.98125,2.683,3.024,2.372,2.89825,2.28175,3.03,2.90125,2.682,2.7395,2.8405,3.309
2.6225,2.6715,1.84825,1.665,2.27375,1.9865,2.3445,2.188,2.9325,2.3695,2.54475,2.94525,2.69275,2.8975,2.8425,2.71775,2.41525,2.639,2.6595,2.99675,3.22675,3.02125,2.64925,2.9895,2.3615,2.892,2.27925,3.0215,2.8705,2.69725,2.73175,2.82025,3.32125
2.53775,2.53975,1.8135,1.606,2.225,1.93475,2.296,2.1245,2.8565,2.294,2.49175,2.86125,2.6165,2.82,2.75675,2.6335,2.4045,2.58625,2.58875,2.91075,3.10575,2.8455,2.54975,2.88475,2.32275,2.8165,2.1975,2.93675,2.78825,2.631,2.63375,2.74925,3.51675
2.3385,2.31475,1.679,1.43625,2.00075,1.7515,2.0715,1.919,2.61375,2.10275,2.2325,2.6985,2.40775,2.60425,2.531,2.46725,2.29175,2.454,2.39625,2.722,2.94175,2.65175,2.3965,2.69075,2.18475,2.57625,2.02875,2.697,2.6255,2.381,2.4435,2.547,3.12075
2.202,2.11975,1.5865,1.2975,1.89175,1.6405,1.96775,1.78675,2.50625,1.974,2.125,2.596,2.30325,2.50225,2.39175,2.341,2.234,2.3605,2.28775,2.6315,2.78825,2.42075,2.23475,2.53525,2.076,2.47625,1.8755,2.5785,2.50925,2.268,2.287,2.43925,2.9585
2.4875,2.42125,1.7465,1.48075,2.15425,1.858,2.236,2.029,2.83275,2.23075,2.42625,2.89675,2.563,2.808,2.70575,2.6185,2.39875,2.58775,2.55925,2.94125,3.133,2.7055,2.49625,2.8595,2.281,2.80275,2.1125,2.9215,2.7895,2.57925,2.5845,2.7395,3.18675
2.20075,2.14975,1.61725,1.3435,1.918,1.67325,1.99775,1.81225,2.496,1.9845,2.15175,2.56875,2.31625,2.48125,2.38925,2.328,2.24325,2.353,2.2855,2.61825,2.75325,2.403,2.20975,2.51925,2.10625,2.4615,1.87375,2.5675,2.495,2.27425,2.278,2.42725,3.07725
2.69625,2.69875,1.80725,1.55175,2.28475,1.95925,2.35525,2.1505,3.08625,2.41175,2.57275,3.164,2.74125,3.05975,2.92175,2.823,2.44175,2.76625,2.7485,3.23125,3.4825,3.0675,2.691,3.13375,2.36675,3.0655,2.236,3.19625,3.01475,2.777,2.82875,2.96925,3.1995
1.83475,1.7025,1.38275,1.1455,1.65375,1.4355,1.73325,1.5525,2.09825,1.67175,1.853,2.1345,1.9905,2.07625,2.00525,1.92725,1.916,1.96075,1.946,2.178,2.2175,1.9205,1.8465,2.08425,1.78925,2.05875,1.59,2.13725,2.0565,1.9325,1.8805,2.03875,2.31025
2.2105,2.19175,1.559,1.3775,1.93075,1.68375,2.00175,1.8325,2.4935,1.99675,2.159,2.53675,2.262,2.469,2.39425,2.291,2.0365,2.2345,2.2625,2.58975,2.7355,2.44425,2.21525,2.5185,2.01125,2.4605,1.8875,2.5645,2.42225,2.2835,2.287,2.409,3.13675
1.978,1.93375,1.37525,1.18875,1.675,1.46875,1.75025,1.605,2.21575,1.76775,1.883,2.291,2.01725,2.21325,2.1435,2.05625,1.84725,2.0415,2.008,2.32475,2.49275,2.1935,2.01225,2.2705,1.80875,2.1845,1.68075,2.28575,2.1935,2.0135,2.04475,2.15875,2.70425
1.9655,1.84975,1.299,1.10875,1.6045,1.38975,1.68225,1.544,2.2015,1.73375,1.826,2.25175,1.99325,2.199,2.1385,2.01775,1.77875,2.008,1.9415,2.309,2.49225,2.121,1.9945,2.279,1.7215,2.177,1.62925,2.27075,2.16025,1.992,2.01675,2.12775,2.386
1.75975,1.68575,1.23425,1.03,1.48925,1.3015,1.5635,1.414,1.99075,1.5695,1.681,2.0705,1.7985,1.996,1.91125,1.83425,1.713,1.8585,1.80125,2.0815,2.22525,1.90525,1.78,2.0285,1.625,1.95925,1.476,2.047,1.97375,1.7975,1.80975,1.927,2.679
1.85425,1.77175,1.25275,1.05425,1.54,1.337,1.61425,1.463,2.09075,1.63925,1.74925,2.1595,1.87425,2.09075,2.01625,1.928,1.73575,1.92,1.863,2.18625,2.365,2.00675,1.8635,2.14925,1.654,2.067,1.5295,2.15775,2.07275,1.88625,1.912,2.02075,2.62
1.89725,1.8345,1.27475,1.0885,1.6065,1.38075,1.66875,1.51175,2.15825,1.688,1.8175,2.211,1.92675,2.1435,2.0625,1.97825,1.74575,1.941,1.92825,2.2355,2.41775,2.06575,1.891,2.196,1.67725,2.13825,1.56975,2.22875,2.114,1.95075,1.9675,2.081,2.563
0.695,0.7745,0.58975,0.654,0.68475,0.6095,0.66975,0.692,0.66675,0.69475,0.71475,0.72425,0.8505,0.83725,0.87075,0.83825,0.81425,0.818,0.80325,0.9805,0.858,0.91875,0.85775,0.888,0.85725,0.85175,0.882,0.82075,0.81175,0.89575,0.8815,0.78525,1.382
1.19575,1.36725,0.946,1.05875,1.1275,1.0055,1.09525,1.1305,1.1195,1.14125,1.235,1.19225,1.37475,1.34325,1.41725,1.41275,1.2895,1.291,1.27975,1.685,1.427,1.6245,1.40675,1.4645,1.41075,1.36525,1.4345,1.34,1.3485,1.51275,1.49125,1.269,2.335
1.14175,1.293,0.89975,1.00175,1.0665,0.95625,1.0405,1.07425,1.0785,1.09125,1.1735,1.1315,1.289,1.26125,1.3405,1.33775,1.20425,1.23275,1.202,1.55225,1.33925,1.5285,1.3285,1.394,1.3235,1.27775,1.344,1.25675,1.2775,1.41825,1.40075,1.193,1.8725
2.373,2.603,1.7445,1.7935,2.04975,1.83025,2.12875,2.12,2.37675,2.2235,2.39775,2.293,2.47775,2.3655,2.613,2.57175,2.1185,2.3735,2.25075,2.73525,2.54525,2.9805,2.586,2.7615,2.383,2.4155,2.3955,2.38175,2.521,2.63125,2.654,2.364,2.8695
1.9135,2.001,1.44825,1.5295,1.6945,1.5205,1.70925,1.737,1.873,1.81625,1.934,1.84125,2.02475,1.9525,2.1605,2.1125,1.776,1.97075,1.859,2.244,2.0945,2.3715,2.14675,2.28825,2.0425,1.968,2.0605,1.919,2.02625,2.16125,2.173,1.9205,2.4445
2.59725,2.7885,1.98625,2.04975,2.33325,2.06475,2.31625,2.35425,2.691,2.481,2.6345,2.55625,2.78225,2.6865,2.93225,2.819,2.39675,2.68425,2.59525,3.00175,2.91075,3.41275,2.909,3.107,2.75925,2.73925,2.766,2.691,2.77275,2.88325,2.90675,2.641,3.0355
3.46075,3.619,2.63025,2.6995,3.06275,2.7405,3.1225,3.1405,3.538,3.2755,3.5205,3.38725,3.63525,3.4775,3.816,3.70625,3.14825,3.4945,3.3825,3.87275,3.7755,4.20825,3.7835,4.0065,3.537,3.5515,3.54425,3.531,3.64025,3.78025,3.8235,3.47575,4.03975
4.24425,4.44725,3.16525,3.18725,3.68725,3.3005,3.8235,3.80375,4.37525,3.9785,4.28525,4.1245,4.4285,4.28275,4.639,4.4685,3.77625,4.2055,4.0695,4.6855,4.622,5.073,4.546,4.86775,4.16325,4.39325,4.17675,4.39025,4.45525,4.575,4.59525,4.26775,4.9145
3.95425,4.0925,2.775,2.6955,3.27525,2.86975,3.3575,3.35025,4.185,3.64525,3.8145,3.90725,4.13925,4.08175,4.28625,4.06475,3.3155,3.94575,3.75275,4.343,4.5435,4.87125,4.20675,4.642,3.69325,4.1955,3.72225,4.24525,4.149,4.119,4.25825,4.03575,5.005
4.6425,4.761,3.39875,3.338,3.9005,3.555,4.1745,4.113,4.78875,4.2955,4.6655,4.48225,4.78725,4.727,5.08125,4.78,4.0005,4.48175,4.28825,4.97075,4.97975,5.248,4.8085,5.235,4.364,4.8075,4.3455,4.812,4.807,4.86575,4.8885,4.69075,5.82025
4.2695,4.32325,3.19825,3.288,3.73075,3.344,3.815,3.84825,4.32525,4.005,4.32625,4.13775,4.442,4.251,4.69925,4.53975,3.83975,4.283,4.11425,4.67825,4.622,4.98125,4.6635,4.9345,4.323,4.3545,4.34,4.302,4.4535,4.63475,4.691,4.25425,5.44625
4.23925,4.38175,3.30675,3.364,3.79175,3.46575,4.00925,3.92475,4.2515,4.02875,4.3845,4.182,4.41075,4.27275,4.64025,4.5105,3.9225,4.2075,4.07775,4.6715,4.48675,4.73475,4.48925,4.755,4.2205,4.35575,4.238,4.269,4.41925,4.6515,4.6405,4.2675,5.458
4.05225,4.361,3.13525,3.145,3.615,3.28325,3.71025,3.68625,4.2655,3.839,4.13875,4.05525,4.2405,4.14375,4.4035,4.249,3.67925,4.03025,4.0165,4.5645,4.44175,5.014,4.325,4.601,4.01275,4.22075,4.02825,4.2735,4.28975,4.3645,4.3845,4.09225,4.96775
4.533,4.62825,3.034,2.83175,3.66025,3.1665,3.79725,3.71175,4.78,4.073,4.2695,4.5125,4.59925,4.72625,4.92025,4.6495,3.67575,4.39025,4.22775,5.0175,5.37775,5.2415,4.65625,5.2825,3.93975,4.8385,3.9865,4.94125,4.83625,4.67025,4.839,4.67375,4.97525
2.88125,2.89725,1.9615,1.819,2.3945,2.08525,2.454,2.3805,3.13425,2.59625,2.73925,3.066,2.9645,3.094,3.13025,2.939,2.36425,2.7925,2.8215,3.2295,3.49325,3.342,2.96375,3.33225,2.51625,3.1105,2.5365,3.2245,3.08775,2.9485,3.0465,3.0055,3.03575
3.90675,4.0725,2.7395,2.58025,3.25625,2.87525,3.3605,3.29975,4.197,3.56225,3.78075,3.99775,4.022,4.135,4.23625,3.92325,3.2455,3.77475,3.75575,4.293,4.5395,4.6375,4.01175,4.4635,3.4765,4.16125,3.49075,4.28975,4.118,3.97525,4.06975,4.034,4.163
3.20825,3.31975,2.1725,2.023,2.63975,2.31375,2.70575,2.6325,3.49525,2.876,3.03975,3.41,3.278,3.44125,3.4815,3.27125,2.60525,3.09475,3.13175,3.57625,3.8965,3.8455,3.28,3.70275,2.784,3.4525,2.7905,3.5875,3.46025,3.265,3.396,3.33225,3.43425
2.469,2.4295,1.6155,1.416,2.05125,1.70475,2.11475,1.945,2.781,2.21375,2.31075,2.66025,2.50925,2.728,2.673,2.528,2.06275,2.43725,2.38925,2.86475,3.0435,2.74,2.40475,2.8885,2.02375,2.81575,2.0215,2.871,2.6845,2.55625,2.61325,2.66975,2.84275
2.548,2.451,1.722,1.493,2.22225,1.8495,2.28325,2.0985,2.922,2.3205,2.48975,2.848,2.65775,2.8635,2.7665,2.638,2.2285,2.52625,2.5945,2.99525,3.1365,2.77575,2.47075,2.981,2.1665,2.94575,2.1255,3.01225,2.78475,2.7,2.66225,2.79725,3.017
2.195,2.18725,1.7405,1.70075,1.97375,1.8305,2.067,2.00525,2.33225,2.07325,2.238,2.26275,2.28675,2.2705,2.37125,2.2435,1.9795,2.13475,2.19075,2.37125,2.4025,2.43575,2.26675,2.41475,2.11875,2.30275,2.1055,2.346,2.28675,2.3065,2.297,2.23825,2.463
2.53825,2.64325,1.79425,1.6895,2.17675,1.91125,2.19875,2.14025,2.8085,2.32425,2.44275,2.74425,2.6505,2.756,2.74225,2.59475,2.133,2.50375,2.5705,2.86375,3.07025,3.13825,2.632,2.93,2.279,2.752,2.302,2.8735,2.72175,2.60525,2.71025,2.672,4.496
2.8615,2.923,2.1945,2.15025,2.515,2.2885,2.6345,2.587,3.02925,2.69325,2.90775,2.857,2.98275,2.9525,3.11075,2.939,2.54925,2.7855,2.7975,3.099,3.1315,3.265,2.9715,3.2045,2.74,3.00925,2.73525,3.05525,2.986,3.022,3.00925,2.92575,3.31375
1.78625,1.756,1.40925,1.423,1.62025,1.4545,1.61025,1.62325,1.9,1.71975,1.809,1.8165,1.911,1.85425,1.973,1.8625,1.6475,1.845,1.795,1.957,2.002,2.12475,1.968,2.0855,1.8525,1.88075,1.851,1.899,1.84825,1.89525,1.93,1.8305,2.2415
1.378,1.3455,1.179,1.282,1.3395,1.23275,1.32575,1.36075,1.33775,1.362,1.457,1.40425,1.5775,1.54775,1.591,1.55025,1.49375,1.487,1.49125,1.6055,1.596,1.6155,1.614,1.63675,1.597,1.5475,1.62775,1.538,1.49275,1.6005,1.55525,1.4655,2.09325
2.25775,2.22775,1.8255,1.92825,2.0905,1.913,2.10025,2.13675,2.2415,2.2055,2.3455,2.2215,2.42375,2.3585,2.53375,2.4235,2.20975,2.35125,2.278,2.499,2.48125,2.588,2.54275,2.6225,2.46325,2.35225,2.4855,2.3465,2.30375,2.483,2.448,2.3315,2.32275
4.70725,4.55875,3.21375,3.08875,3.75425,3.34775,3.977,3.92175,4.816,4.2665,4.47675,4.50625,4.78,4.783,5.098,4.786,3.83575,4.5715,4.23175,5.0985,5.35525,5.2125,4.9095,5.45975,4.22975,4.915,4.26825,4.9325,4.86175,4.8405,4.9875,4.76975,5.58525
3.93475,3.96075,2.922,2.89075,3.33925,3.069,3.6025,3.51925,3.95275,3.6485,3.95525,3.79275,4.03275,3.959,4.30375,4.09975,3.43325,3.82175,3.64525,4.24575,4.20625,4.25925,4.07625,4.416,3.72675,4.03025,3.72125,4.0075,4.06675,4.185,4.1735,3.95725,4.50625
2.80325,2.722,1.94175,1.85675,2.33925,2.0385,2.35025,2.33975,3.02175,2.55625,2.6735,2.92625,2.9245,2.9545,3.03,2.8585,2.3155,2.78825,2.7375,3.1285,3.3455,3.25525,2.949,3.28525,2.5535,3.0105,2.583,3.0885,2.96225,2.89875,3.02675,2.8755,3.367
2.782,2.8145,1.9795,1.844,2.375,2.09,2.44225,2.36675,3.06375,2.54,2.727,2.91275,2.875,3.01275,3.025,2.774,2.34375,2.6795,2.74575,3.08925,3.24125,3.184,2.821,3.1475,2.45325,2.99925,2.45575,3.12275,2.9385,2.8455,2.86475,2.92275,2.92175
4.164,4.23175,3.05075,3.03375,3.53925,3.17725,3.688,3.67125,4.31425,3.87575,4.1565,4.01775,4.3175,4.20725,4.52875,4.29475,3.616,4.09675,3.9165,4.467,4.55975,4.8485,4.43875,4.77225,3.99875,4.323,4.00775,4.33075,4.3095,4.3805,4.40175,4.18625,4.606
5.2075,5.11725,3.49125,3.2125,4.25375,3.6285,4.411,4.27375,5.64275,4.71275,4.96375,5.23,5.36625,5.5455,5.6635,5.244,4.25875,5.07025,4.887,5.8465,6.14475,5.80075,5.32925,6.05875,4.49525,5.6565,4.5795,5.78525,5.4785,5.3085,5.478,5.47425,5.70725
4.51425,4.53675,3.25125,3.28075,3.8135,3.401,3.966,3.97125,4.59075,4.1735,4.4935,4.34375,4.6775,4.50775,4.93925,4.739,3.91275,4.454,4.2435,4.8585,4.95225,5.208,4.86225,5.2225,4.37825,4.638,4.3915,4.61125,4.6955,4.82075,4.8655,4.4965,4.08275
3.6085,3.62125,2.61325,2.58525,3.05175,2.7235,3.15425,3.147,3.7715,3.3475,3.56125,3.579,3.76175,3.6785,3.92475,3.73275,3.1145,3.56525,3.44775,3.9135,4.068,4.207,3.84775,4.176,3.443,3.77825,3.451,3.80975,3.7655,3.8035,3.856,3.64625,3.89975
3.342,3.3635,2.26625,2.103,2.76125,2.38625,2.80525,2.753,3.67025,3.0295,3.181,3.5035,3.47125,3.60975,3.62275,3.36925,2.7305,3.27575,3.26275,3.7605,4.01,3.9395,3.44375,3.876,2.9195,3.6245,2.9545,3.7585,3.543,3.3975,3.53475,3.48775,3.40875
4.28825,4.3625,3.103,3.0185,3.57775,3.239,3.81075,3.7595,4.48475,3.9525,4.2755,4.1475,4.41925,4.40125,4.68975,4.38875,3.661,4.1235,4.02225,4.6005,4.70275,4.86825,4.435,4.8545,3.9855,4.48225,3.964,4.52025,4.45025,4.4615,4.50025,4.36075,4.7005
4.0625,4.10825,3.08175,3.153,3.58075,3.2195,3.689,3.71325,4.18625,3.8405,4.176,4.008,4.26975,4.10675,4.454,4.26325,3.68375,4.06525,3.967,4.39225,4.3705,4.6965,4.3945,4.657,4.0865,4.17925,4.10075,4.15175,4.19275,4.34725,4.4045,4.08225,5.05375
3.7825,3.85525,2.68575,2.5495,3.18125,2.81875,3.2875,3.24425,4.092,3.47075,3.713,3.84975,3.92475,4.01025,4.121,3.80925,3.1825,3.663,3.67825,4.1455,4.33275,4.396,3.894,4.3175,3.42,4.039,3.41825,4.14875,3.9635,3.864,3.95475,3.9085,3.87775
3.97575,4.0555,2.9185,2.848,3.37725,3.05225,3.53,3.503,4.2355,3.69875,3.98125,4.002,4.15325,4.124,4.32925,4.03825,3.429,3.87875,3.84425,4.27575,4.41825,4.63525,4.15175,4.52075,3.745,4.18775,3.73375,4.25675,4.12325,4.12,4.1635,4.056,4.37625
4.1525,4.23975,3.026,2.9805,3.52475,3.1595,3.6545,3.64325,4.4005,3.8555,4.1395,4.1205,4.33625,4.2725,4.5225,4.2705,3.59475,4.08025,4.00925,4.49425,4.63075,4.91425,4.38875,4.76575,3.9435,4.36625,3.94225,4.4185,4.336,4.352,4.4005,4.21075,4.48925
4.566,4.64425,3.276,3.181,3.806,3.40875,4.00575,3.963,4.81475,4.21325,4.5155,4.47925,4.7405,4.7045,4.975,4.652,3.87975,4.4355,4.32575,4.92175,5.07675,5.27625,4.7515,5.2175,4.23725,4.80125,4.23325,4.8605,4.74425,4.7365,4.8005,4.6585,4.82475
3.9025,3.939,2.8125,2.75725,3.27375,2.93375,3.40175,3.39375,4.13675,3.61975,3.85875,3.90275,4.08725,4.03275,4.2415,3.9845,3.34,3.8435,3.75425,4.2185,4.393,4.58675,4.1245,4.503,3.67275,4.111,3.68,4.1685,4.053,4.054,4.1355,3.971,4.1845
4.585,4.6065,3.249,3.15975,3.77475,3.385,3.986,3.95325,4.81625,4.218,4.514,4.44975,4.758,4.71575,4.999,4.66575,3.8645,4.457,4.30025,4.93125,5.0955,5.24825,4.78425,5.264,4.242,4.81325,4.23875,4.85825,4.74625,4.74075,4.8255,4.669,4.849
3.4755,3.4905,2.53425,2.437,2.953,2.6595,3.0855,3.041,3.71275,3.21175,3.45825,3.52325,3.608,3.6325,3.788,3.52025,2.97275,3.356,3.36875,3.756,3.90725,3.93625,3.58675,3.93375,3.21025,3.67625,3.19725,3.75275,3.61425,3.587,3.63075,3.5685,4.0505
4.293,4.3625,3.025,2.91225,3.57225,3.1515,3.692,3.67375,4.6205,3.95225,4.21,4.30225,4.48875,4.50325,4.672,4.3315,3.59775,4.21075,4.13075,4.69375,4.879,5.08575,4.47825,4.9535,3.94275,4.5715,3.95175,4.6615,4.466,4.39725,4.524,4.4105,4.57975
4.162,4.153,3.12125,3.10975,3.5765,3.261,3.78675,3.758,4.3185,3.906,4.242,4.0835,4.3555,4.24775,4.55075,4.25775,3.66,4.06675,3.953,4.40925,4.4535,4.64525,4.37275,4.69425,4.01475,4.30875,4.0075,4.3215,4.2515,4.3445,4.37175,4.20375,4.25225
3.71,3.71925,2.74625,2.72725,3.17525,2.86825,3.31475,3.30925,3.9085,3.46725,3.749,3.67175,3.89025,3.8035,4.05075,3.803,3.24675,3.64025,3.56775,3.961,4.0625,4.247,3.91525,4.22825,3.5605,3.87325,3.55575,3.907,3.828,3.8745,3.91075,3.75725,5.3765
4.14375,4.204,2.97375,2.9335,3.47775,3.0925,3.616,3.60775,4.3715,3.845,4.11125,4.0625,4.34875,4.25325,4.51875,4.26125,3.56125,4.08875,3.95025,4.4865,4.618,4.886,4.39725,4.799,3.928,4.35475,3.9335,4.3925,4.313,4.343,4.41725,4.20875,4.50775
4.6445,4.66125,3.45025,3.504,4.03075,3.60425,4.17325,4.1855,4.8175,4.3715,4.739,4.5695,4.909,4.711,5.09775,4.84725,4.1495,4.6365,4.49775,5.0155,5.02125,5.371,5.0105,5.35125,4.615,4.8085,4.6175,4.79,4.7885,4.9445,5.0015,4.687,4.98275
4.19925,4.2095,3.04275,2.983,3.536,3.16925,3.71125,3.68675,4.44875,3.896,4.2015,4.13875,4.395,4.33125,4.58825,4.2875,3.615,4.098,4.01875,4.519,4.6405,4.8065,4.39775,4.80025,3.95625,4.4165,3.94675,4.46425,4.351,4.37425,4.426,4.28,4.18175
3.652,3.73725,2.71525,2.70825,3.17375,2.85525,3.25175,3.266,3.92775,3.435,3.708,3.71675,3.88525,3.80175,3.99,3.763,3.24375,3.64275,3.63625,4.00175,4.063,4.409,3.90375,4.2055,3.57775,3.8535,3.5645,3.91075,3.803,3.836,3.88625,3.72475,3.8255
3.63525,3.76825,2.75775,2.802,3.2185,2.9065,3.279,3.3075,3.8785,3.45925,3.74075,3.689,3.895,3.7695,4.00975,3.79,3.3005,3.678,3.6455,4.017,4.00325,4.49275,3.954,4.20575,3.697,3.8015,3.68225,3.843,3.774,3.84925,3.92425,3.70375,3.918
4.239,4.42875,3.224,3.40375,3.8145,3.42375,3.84525,3.94875,4.412,4.035,4.452,4.24925,4.58875,4.35475,4.8025,4.531,3.979,4.33675,4.337,4.77175,4.60725,5.2865,4.67625,4.92375,4.52575,4.41475,4.499,4.32375,4.3815,4.61825,4.74325,4.3265,5.26525
4.60725,4.635,3.2965,3.262,3.8485,3.436,4.022,4.0215,4.8465,4.27825,4.59,4.4795,4.84675,4.72475,5.02975,4.71325,3.9485,4.53575,4.365,4.944,5.09475,5.38425,4.8935,5.331,4.37075,4.81975,4.3775,4.858,4.7525,4.7945,4.88,4.66875,5.1565
5.06325,5.02275,3.6075,3.49075,4.11125,3.77925,4.4885,4.3965,5.26475,4.6295,5.03875,4.877,5.2235,5.23425,5.5465,5.10525,4.24475,4.8295,4.6275,5.375,5.50875,5.485,5.14075,5.71125,4.5875,5.2615,4.52175,5.3125,5.19875,5.1545,5.2335,5.17075,5.34775
4.0145,4.02375,2.72,2.54025,3.267,2.85475,3.3915,3.33975,4.39275,3.63925,3.88925,4.0975,4.163,4.31525,4.38525,3.99,3.28625,3.87425,3.849,4.4415,4.6765,4.58625,4.084,4.627,3.4995,4.3245,3.50725,4.45625,4.20125,4.07,4.17925,4.1925,4.7065
3.77225,3.881,2.60775,2.476,3.09675,2.75825,3.21575,3.19775,4.116,3.43775,3.69675,3.881,3.9295,4.0315,4.128,3.76825,3.1145,3.637,3.6585,4.1205,4.34275,4.49325,3.872,4.321,3.37475,4.02975,3.3485,4.1475,3.9365,3.81775,3.92225,3.89475,3.814
5.6705,5.43825,4.01725,3.786,4.63075,4.2445,5.1235,4.87075,5.919,5.17425,5.62975,5.4895,5.8235,5.97875,6.19775,5.579,4.7735,5.467,5.15125,6.118,6.2515,5.93125,5.6655,6.394,5.03175,5.97325,4.99875,6.026,5.76375,5.73625,5.8055,5.93775,6.00025
6.17675,6.19675,4.0795,3.686,5.05325,4.281,5.30625,5.01,6.884,5.5225,5.96225,6.43325,6.3515,6.771,6.7745,6.14,5.043,5.9825,5.88925,6.964,7.3355,6.9795,6.0575,7.15375,5.1365,6.8145,5.166,7.037,6.6115,6.361,6.4445,6.61025,7.0805
4.39325,4.29475,3.2165,3.168,3.7045,3.36925,3.9555,3.91625,4.5955,4.0795,4.45625,4.32075,4.604,4.518,4.82725,4.48025,3.80175,4.24625,4.13875,4.66725,4.74275,4.80275,4.55475,4.96275,4.15525,4.576,4.1255,4.60075,4.4925,4.56025,4.60925,4.4625,4.75625
3.88025,3.8055,2.68425,2.561,3.196,2.803,3.31075,3.29,4.19825,3.55675,3.78725,3.944,4.071,4.10575,4.2345,3.89925,3.22325,3.80425,3.73025,4.27175,4.45725,4.4125,4.02575,4.489,3.50825,4.15425,3.5245,4.24275,4.023,3.95875,4.09025,4.01875,4.48825
4.0405,3.8855,2.8055,2.613,3.37,2.9405,3.54575,3.437,4.39875,3.679,3.98375,4.10825,4.20625,4.33425,4.434,4.01575,3.39975,3.8855,3.89075,4.46325,4.654,4.32425,4.09975,4.62875,3.55375,4.35075,3.57825,4.48075,4.21525,4.1345,4.17575,4.2565,3.41325
3.7815,3.68175,2.67175,2.50225,3.202,2.8105,3.3455,3.25325,4.13225,3.46025,3.758,3.88325,3.95325,4.0645,4.14775,3.76725,3.21475,3.6385,3.693,4.176,4.33675,4.1115,3.84125,4.31375,3.36475,4.06725,3.37975,4.20075,3.95425,3.8835,3.90825,3.976,4.259
2.38975,2.44325,1.78975,1.6415,2.093,1.87475,2.15075,2.06375,2.7015,2.20975,2.3545,2.69775,2.55425,2.64775,2.59575,2.4565,2.40275,2.49,2.5425,2.738,2.85825,2.90875,2.488,2.764,2.37125,2.606,2.195,2.70825,2.60175,2.4645,2.548,2.57725,2.93825
2.1845,2.17075,1.66325,1.44275,1.91775,1.702,1.97775,1.86875,2.49275,2.0065,2.13575,2.51,2.3415,2.4575,2.421,2.28175,2.35875,2.3595,2.3835,2.59375,2.63225,2.532,2.257,2.5125,2.204,2.42775,1.958,2.50225,2.43025,2.25175,2.31425,2.377,2.81325
2.27325,2.27225,1.67625,1.4745,2.00075,1.76625,2.0585,1.937,2.624,2.087,2.22675,2.6595,2.431,2.5925,2.4715,2.369,2.278,2.40325,2.44225,2.669,2.7875,2.63525,2.3445,2.63575,2.23575,2.5185,2.0255,2.63725,2.50425,2.353,2.4245,2.518,2.75425
2.12175,2.1175,1.624,1.4165,1.8725,1.66025,1.91925,1.82425,2.4345,1.96025,2.06925,2.4595,2.2765,2.4055,2.32975,2.22475,2.2735,2.30075,2.322,2.5185,2.57975,2.5125,2.2055,2.466,2.1355,2.36525,1.91925,2.439,2.3475,2.19425,2.27975,2.32875,2.684
2.30075,2.33925,1.69525,1.48075,2.0225,1.777,2.065,1.95525,2.68575,2.11525,2.24075,2.72325,2.473,2.65025,2.495,2.411,2.30075,2.44325,2.4925,2.701,2.85075,2.778,2.38125,2.7,2.2325,2.57775,2.04975,2.69775,2.53725,2.38975,2.48025,2.55425,2.81175
2.50025,2.55925,1.7825,1.59625,2.187,1.90975,2.2185,2.118,2.93125,2.2955,2.42475,2.9445,2.69025,2.87925,2.7105,2.5955,2.3565,2.5755,2.695,2.92,3.10225,3.07525,2.58625,2.9395,2.337,2.8105,2.225,2.94725,2.72,2.6045,2.68575,2.76625,2.966
2.60375,2.63475,1.85075,1.65075,2.28725,1.98625,2.314,2.20675,3.0605,2.39175,2.5325,3.07375,2.81,3.00375,2.82375,2.71575,2.448,2.6845,2.816,3.061,3.234,3.14625,2.6935,3.0545,2.418,2.93575,2.3215,3.0785,2.8345,2.72525,2.80275,2.894,2.98875
2.45825,2.47175,1.77375,1.55,2.15125,1.86925,2.18,2.07775,2.88425,2.258,2.382,2.9045,2.654,2.835,2.6635,2.5785,2.38275,2.57925,2.6515,2.89475,3.05325,2.9465,2.54525,2.882,2.318,2.76875,2.1895,2.901,2.69275,2.56825,2.6455,2.73325,2.952
2.103,2.061,1.58875,1.42975,1.87125,1.65825,1.90875,1.8255,2.39825,1.947,2.0595,2.40075,2.24,2.34875,2.269,2.155,2.10125,2.22575,2.21825,2.44975,2.507,2.40725,2.16875,2.39675,2.07375,2.304,1.90475,2.4075,2.269,2.1755,2.2115,2.28275,2.92275
1.714,1.6585,1.36775,1.164,1.547,1.36875,1.57725,1.49,1.9715,1.58175,1.691,2.0095,1.894,1.996,1.93825,1.818,1.98075,1.88425,1.954,2.067,2.0715,1.9845,1.7795,2.0055,1.789,1.9735,1.5635,1.97875,1.9325,1.77975,1.833,1.8625,2.3815
2.1725,2.149,1.60325,1.43075,1.9505,1.7075,1.9785,1.87225,2.5315,2.00725,2.13575,2.576,2.348,2.49425,2.34875,2.27625,2.119,2.28225,2.3815,2.55875,2.67575,2.541,2.25475,2.53575,2.10075,2.4345,1.968,2.5365,2.3735,2.2715,2.34,2.424,2.77725
2.08875,2.06125,1.6075,1.42875,1.88975,1.674,1.9255,1.82875,2.4095,1.95175,2.05875,2.4695,2.255,2.3825,2.26825,2.1965,2.176,2.267,2.30525,2.4895,2.59075,2.4555,2.18175,2.447,2.114,2.33925,1.9185,2.40925,2.287,2.1845,2.2755,2.3555,2.811
2.446,2.49275,1.792,1.68225,2.177,1.9295,2.21275,2.131,2.8105,2.279,2.40575,2.8045,2.6235,2.74725,2.63975,2.506,2.1985,2.441,2.59525,2.808,2.9535,2.98725,2.54,2.839,2.29325,2.7005,2.24125,2.821,2.5965,2.54875,2.61675,2.68225,3.69075
3.02525,3.02275,2.0615,1.83525,2.627,2.21425,2.6,2.52175,3.574,2.77225,2.91075,3.49925,3.25225,3.487,3.2745,3.13975,2.5965,3.03225,3.1745,3.5845,3.767,3.591,3.0885,3.50975,2.58925,3.4715,2.66125,3.62575,3.2715,3.195,3.21475,3.333,3.43925
2.844,2.952,1.9205,1.722,2.4695,2.10925,2.46225,2.3685,3.413,2.605,2.739,3.39975,3.08225,3.34125,3.0805,2.987,2.43725,2.86575,3.093,3.404,3.62475,3.59525,2.9335,3.381,2.4925,3.29225,2.50475,3.44725,3.12525,2.99875,3.0935,3.18375,3.2315
2.30475,2.2765,1.63,1.4695,2.01275,1.75075,2.04175,1.95075,2.67175,2.1125,2.23175,2.6825,2.47625,2.62025,2.49575,2.39125,2.14775,2.3545,2.4485,2.6775,2.84225,2.7205,2.3775,2.66325,2.113,2.575,2.0635,2.70025,2.487,2.4075,2.45475,2.51625,2.80875
2.5865,2.64025,1.69625,1.50825,2.18725,1.859,2.1835,2.1135,3.106,2.35875,2.447,3.0755,2.79975,3.04,2.801,2.70125,2.21325,2.612,2.75725,3.08175,3.2995,3.21825,2.66075,3.071,2.199,2.99075,2.24375,3.13675,2.821,2.71425,2.79975,2.87775,3.23125
3.0815,3.1265,2.2275,2.0665,2.69825,2.35775,2.73675,2.6455,3.46525,2.8445,3.03,3.36325,3.257,3.391,3.33325,3.10325,2.65675,3.01675,3.14325,3.4845,3.62375,3.5955,3.15425,3.4975,2.76325,3.35675,2.78575,3.51425,3.25575,3.19875,3.21,3.2775,3.4855
2.8825,2.959,2.04125,1.89275,2.509,2.18525,2.52875,2.45475,3.3075,2.6605,2.7985,3.24975,3.07925,3.23,3.1145,2.951,2.4655,2.8695,3.005,3.31,3.496,3.55625,2.983,3.321,2.59525,3.18275,2.60525,3.349,3.07175,3.00575,3.07425,3.10725,3.2555
3.137,3.21275,2.1585,1.97625,2.66125,2.2845,2.6685,2.617,3.5815,2.87875,3.02425,3.44025,3.3365,3.50675,3.39125,3.179,2.634,3.1135,3.168,3.604,3.79025,3.82,3.2265,3.62125,2.73375,3.475,2.79075,3.63775,3.31375,3.257,3.307,3.357,3.44225
3.722,3.64125,2.4685,2.19825,3.10725,2.62425,3.15925,3.016,4.23575,3.37075,3.53925,4.0945,3.90775,4.18125,4.0335,3.7865,3.1,3.68025,3.6925,4.33475,4.5705,4.231,3.75425,4.3295,3.1145,4.2045,3.21825,4.3565,3.966,3.8645,3.8835,4.017,3.86975
3.18725,3.267,2.255,2.101,2.73125,2.392,2.7725,2.6975,3.5775,2.92975,3.1065,3.46125,3.35725,3.5065,3.45225,3.21025,2.694,3.13125,3.2285,3.59875,3.7905,3.82325,3.2675,3.649,2.83125,3.471,2.85825,3.63375,3.3735,3.28925,3.3485,3.378,3.54175
3.487,3.45475,2.45725,2.2585,2.98625,2.57325,3.05875,2.9385,3.8915,3.19375,3.4115,3.70875,3.64275,3.8145,3.78625,3.5045,2.96375,3.39175,3.45475,3.9465,4.09475,3.9145,3.52075,3.985,3.037,3.82825,3.091,3.969,3.68925,3.6095,3.62875,3.69875,4.14725
2.8435,2.90525,2.04275,1.94125,2.45525,2.1675,2.47225,2.43775,3.19375,2.63325,2.78475,3.09025,3.024,3.1095,3.07375,2.878,2.4125,2.82975,2.9095,3.19725,3.358,3.4965,2.962,3.278,2.603,3.087,2.61775,3.22125,2.9955,2.942,3.02975,2.995,3.15075
3.19925,3.27575,2.24775,2.09125,2.74375,2.3785,2.75175,2.70175,3.6205,2.94575,3.099,3.486,3.3935,3.5385,3.45975,3.25225,2.70425,3.17875,3.26025,3.6465,3.835,3.91175,3.30575,3.69025,2.8485,3.50775,2.88425,3.67625,3.39075,3.318,3.40275,3.40275,3.49675
4.2105,4.3155,2.77525,2.538,3.4115,2.91325,3.49275,3.398,4.69175,3.80675,3.99375,4.4265,4.37,4.62225,4.5655,4.22075,3.3945,4.12275,4.06,4.7805,5.08425,5.035,4.28275,4.89525,3.56875,4.61925,3.63825,4.80575,4.44675,4.28375,4.403,4.44,4.89775
3.4685,3.61525,2.501,2.4065,2.946,2.63525,2.999,2.99725,3.7965,3.2055,3.4295,3.6035,3.64675,3.69525,3.76575,3.49225,2.93225,3.403,3.444,3.80075,3.95675,4.264,3.60275,3.969,3.205,3.70075,3.1955,3.81525,3.63375,3.5435,3.64475,3.57275,3.678
3.271,3.23625,2.3205,2.18425,2.7595,2.43675,2.83575,2.787,3.54775,3.004,3.19175,3.409,3.4125,3.493,3.54575,3.255,2.749,3.189,3.19425,3.616,3.7965,3.69525,3.3625,3.73675,2.9315,3.5,2.958,3.61525,3.40975,3.337,3.40275,3.399,4.80225
2.905,2.92675,2.099,2.016,2.4835,2.21875,2.53025,2.50525,3.17575,2.68475,2.85475,3.08025,3.05925,3.10375,3.1465,2.93125,2.46275,2.86625,2.9065,3.208,3.3705,3.43975,3.01825,3.3335,2.67825,3.10875,2.686,3.2085,3.0495,2.97775,3.07425,3.006,3.3325
2.454,2.3935,1.70375,1.56675,2.07675,1.81725,2.1305,2.05,2.72725,2.2285,2.376,2.663,2.5685,2.6925,2.66525,2.457,2.087,2.38325,2.4545,2.76725,2.92975,2.73075,2.494,2.812,2.14375,2.668,2.1665,2.78325,2.59875,2.5115,2.54325,2.5975,2.686
3.03525,3.037,1.9755,1.765,2.50275,2.1465,2.53925,2.43725,3.49425,2.73025,2.86325,3.43175,3.18775,3.45775,3.29525,3.09575,2.48325,2.99175,3.073,3.532,3.7985,3.5735,3.074,3.537,2.5305,3.40425,2.58675,3.58025,3.26075,3.128,3.172,3.3005,3.29725
3.67425,3.55025,2.469,2.26225,3.04325,2.591,3.093,3.0075,4.06775,3.34425,3.4895,3.88825,3.86275,4.0015,3.97975,3.7395,3.0285,3.64325,3.584,4.197,4.4305,4.17775,3.79475,4.29275,3.19175,4.04475,3.2705,4.171,3.8675,3.78275,3.90225,3.8845,4.44725
3.9655,3.94175,2.83325,2.697,3.319,2.93975,3.455,3.4095,4.276,3.65075,3.90625,3.98675,4.129,4.172,4.3095,3.945,3.336,3.8475,3.794,4.3155,4.47,4.46575,4.081,4.50375,3.5945,4.21625,3.59275,4.31275,4.093,4.032,4.1095,4.09425,4.29825
4.0145,4.07625,2.7825,2.64675,3.3305,2.9105,3.4055,3.39375,4.393,3.67775,3.91125,4.10275,4.21675,4.28475,4.373,4.035,3.32575,3.94325,3.915,4.443,4.6425,4.8015,4.169,4.64725,3.62775,4.3155,3.63975,4.4345,4.19725,4.10075,4.2385,4.1525,4.11275
3.689,3.67375,2.63025,2.59025,3.04925,2.764,3.20325,3.20725,3.86,3.4075,3.6455,3.67425,3.855,3.79225,4.02,3.74725,3.1175,3.60725,3.502,3.928,4.1345,4.25225,3.89625,4.249,3.462,3.843,3.4615,3.892,3.78525,3.79425,3.8695,3.7295,3.943
3.9115,3.82075,2.5715,2.3505,3.15125,2.71825,3.289,3.18325,4.31175,3.5055,3.749,4.0565,4.0345,4.2625,4.2795,3.86125,3.15375,3.75675,3.742,4.38075,4.65325,4.33025,3.9465,4.52525,3.303,4.2445,3.3425,4.408,4.1165,3.9715,4.02875,4.1235,4.38825
3.62975,3.36475,2.5085,2.269,3.12125,2.6885,3.26925,3.05225,4.05675,3.265,3.59075,3.88175,3.79825,4.00375,3.99,3.56675,3.08475,3.505,3.61575,4.07975,4.2585,3.7825,3.615,4.123,3.15075,3.98625,3.13925,4.14225,3.81475,3.78,3.6755,3.89275,4.103
3.46375,3.344,2.65125,2.55275,3.018,2.7635,3.23125,3.12675,3.692,3.23125,3.543,3.44775,3.6305,3.61275,3.7795,3.442,3.042,3.33525,3.37,3.66575,3.762,3.6815,3.53025,3.8015,3.2525,3.649,3.19525,3.72725,3.5365,3.56025,3.524,3.5785,4.297
2.5205,2.5215,1.70925,1.60975,2.10575,1.84675,2.1565,2.0945,2.83925,2.29675,2.41925,2.81375,2.689,2.78575,2.742,2.564,2.135,2.5055,2.5835,2.86075,3.087,3.08825,2.6425,2.95775,2.29425,2.7475,2.272,2.87525,2.6695,2.58675,2.70225,2.69575,2.753
3.01275,2.89225,1.9805,1.7785,2.49875,2.146,2.566,2.44125,3.41275,2.70125,2.87575,3.35075,3.15925,3.37625,3.29575,3.05275,2.479,2.929,3.0335,3.47125,3.70825,3.3395,3.059,3.5005,2.55625,3.3365,2.5875,3.4915,3.217,3.103,3.1305,3.24475,3.44425
2.80575,2.73525,1.99575,1.829,2.43375,2.128,2.50125,2.38125,3.1375,2.55675,2.75775,3.0495,2.93425,3.085,3.0535,2.79925,2.398,2.70775,2.83675,3.15825,3.3035,3.0955,2.83875,3.1705,2.457,3.05625,2.48075,3.193,2.96725,2.9025,2.87725,2.9885,2.583
2.3875,2.39825,1.5755,1.4425,1.984,1.721,2.02075,1.9495,2.7535,2.15625,2.26125,2.7435,2.545,2.70475,2.597,2.45375,2.03325,2.3665,2.477,2.75875,3.0005,2.9355,2.4725,2.8035,2.0765,2.64725,2.08875,2.7935,2.57475,2.45575,2.5605,2.5765,2.439
3.092,3.0665,2.11725,1.93125,2.609,2.24875,2.662,2.55925,3.482,2.79975,2.9945,3.339,3.2295,3.42175,3.36675,3.095,2.58525,2.995,3.091,3.515,3.69575,3.51425,3.1195,3.55025,2.65125,3.39675,2.691,3.55025,3.294,3.185,3.21,3.29325,3.52675
2.77825,2.7665,1.966,1.8235,2.391,2.081,2.4215,2.35275,3.11325,2.54075,2.71725,2.9885,2.92225,3.047,3.0175,2.78775,2.35875,2.7045,2.8135,3.13575,3.278,3.18075,2.8325,3.17475,2.45725,3.021,2.482,3.15875,2.95075,2.86475,2.90325,2.9405,3.04375
2.769,2.8475,1.96525,1.846,2.3695,2.082,2.3865,2.35,3.10525,2.5425,2.6965,2.97275,2.92275,3.02575,2.9985,2.78625,2.33175,2.72725,2.81,3.10975,3.26925,3.3825,2.85725,3.17725,2.49025,3.00275,2.50025,3.13525,2.9355,2.84725,2.92975,2.91275,3.04075
3.0195,3.04725,2.1005,1.967,2.5495,2.22225,2.5625,2.5315,3.37825,2.75525,2.919,3.212,3.1765,3.2955,3.27775,3.0435,2.514,2.96925,3.03875,3.39875,3.5885,3.61375,3.1135,3.48375,2.6875,3.28175,2.70025,3.42,3.20825,3.09675,3.207,3.17125,3.222
3.083,3.12175,2.21325,2.10825,2.6515,2.331,2.6615,2.6465,3.42375,2.85025,3.0275,3.25825,3.264,3.3325,3.341,3.1105,2.60925,3.052,3.112,3.44575,3.58475,3.70125,3.20325,3.54725,2.82475,3.33175,2.83925,3.4545,3.24625,3.18325,3.27475,3.22,3.33975
3.41125,3.3895,2.42225,2.28025,2.9095,2.52525,2.9515,2.9065,3.763,3.14625,3.33275,3.555,3.59425,3.67175,3.69925,3.4395,2.879,3.36625,3.37475,3.82,3.9635,3.9415,3.5255,3.91825,3.07825,3.693,3.10775,3.814,3.57425,3.52375,3.601,3.56175,3.63425
3.8165,3.9175,2.65125,2.50125,3.179,2.77925,3.24225,3.2175,4.18375,3.493,3.7055,3.929,3.99375,4.09575,4.14825,3.81575,3.15925,3.737,3.73425,4.23725,4.4375,4.5905,3.94325,4.396,3.417,4.104,3.4325,4.24225,4.00475,3.89225,4.00625,3.954,4.08475
4.22625,4.331,2.88325,2.70475,3.45475,3.00075,3.562,3.52225,4.60875,3.8495,4.083,4.2855,4.3925,4.5195,4.59425,4.20325,3.454,4.113,4.03375,4.67775,4.916,5.0105,4.34375,4.8685,3.72075,4.53675,3.7445,4.67825,4.409,4.28325,4.3905,4.39125,4.4155
3.43825,3.425,2.509,2.4515,2.88825,2.64475,3.05075,3.04475,3.669,3.184,3.46675,3.44375,3.59625,3.587,3.76725,3.47,2.94275,3.32275,3.33225,3.6535,3.785,3.907,3.567,3.893,3.2285,3.60425,3.2015,3.6705,3.5355,3.52,3.5725,3.496,5.09175
4.0575,4.085,3.01725,2.96925,3.4525,3.16225,3.66525,3.63175,4.27575,3.77925,4.1275,4.00325,4.2485,4.1665,4.44175,4.1305,3.526,3.9245,3.8845,4.30425,4.384,4.6075,4.20625,4.55375,3.861,4.2245,3.82725,4.27775,4.1795,4.21025,4.2435,4.105,4.308
4.1895,4.3645,2.76125,2.57675,3.41875,2.868,3.4295,3.40975,4.717,3.804,3.98775,4.3925,4.4365,4.56225,4.5595,4.275,3.39225,4.18825,4.09825,4.7815,5.05975,5.32125,4.365,4.963,3.683,4.61775,3.7275,4.76725,4.4625,4.32175,4.548,4.38825,4.871
4.2075,4.147,2.97,2.8855,3.4745,3.10425,3.66325,3.6405,4.46125,3.87175,4.16275,4.159,4.405,4.3695,4.6055,4.26975,3.54925,4.08725,4.0145,4.536,4.70925,4.75125,4.38725,4.837,3.89025,4.43375,3.886,4.5,4.34725,4.33925,4.42175,4.3055,4.53925
5.106,4.9975,3.547,3.36675,4.1705,3.699,4.4075,4.32775,5.4395,4.65025,4.99425,4.95725,5.2615,5.3305,5.58125,5.16075,4.24575,4.91875,4.72675,5.55775,5.7295,5.5765,5.23,5.85025,4.57075,5.42625,4.5615,5.475,5.3055,5.22875,5.376,5.26425,6.21225
3.55425,3.615,2.43275,2.31525,2.93225,2.5685,2.977,2.98425,3.91075,3.24175,3.448,3.7095,3.74575,3.8185,3.876,3.5795,2.9225,3.497,3.4985,3.94825,4.1665,4.31175,3.7,4.1405,3.2025,3.82875,3.2115,3.9475,3.73575,3.62525,3.774,3.67675,3.8655
3.15025,3.134,2.22625,2.16575,2.6225,2.345,2.70075,2.706,3.38225,2.89525,3.09175,3.2345,3.30925,3.3045,3.4315,3.2075,2.652,3.09425,3.07475,3.43175,3.615,3.6885,3.3085,3.651,2.9205,3.3365,2.92225,3.40725,3.29025,3.2505,3.3445,3.21125,4.424
3.5965,3.54475,2.525,2.42225,2.99675,2.65925,3.10325,3.08575,3.8825,3.29425,3.538,3.6695,3.7665,3.8025,3.9345,3.63825,3.01475,3.49575,3.50775,3.932,4.118,4.093,3.728,4.138,3.28275,3.83025,3.28075,3.9215,3.753,3.69425,3.784,3.702,4.402
3.3155,3.32625,2.309,2.1665,2.79,2.45725,2.867,2.815,3.67025,3.024,3.2535,3.5045,3.4815,3.607,3.62425,3.297,2.76875,3.20325,3.30625,3.68725,3.878,3.8275,3.399,3.802,2.952,3.5745,2.952,3.71725,3.48975,3.391,3.44125,3.47825,3.39575
3.53625,3.53175,2.37675,2.15375,2.9625,2.53875,3.03075,2.904,4.001,3.189,3.41825,3.83575,3.6985,3.93725,3.8645,3.54075,2.93725,3.4225,3.53425,4.042,4.25875,4.04725,3.5645,4.082,3.00275,3.903,3.05325,4.083,3.782,3.652,3.66425,3.7855,3.569
2.95225,2.9295,2.1565,2.0215,2.56275,2.28425,2.6525,2.56025,3.2415,2.70525,2.9445,3.09775,3.0795,3.17775,3.216,2.92875,2.52775,2.83375,2.936,3.2395,3.373,3.27675,2.98575,3.29575,2.64425,3.16125,2.63575,3.28675,3.10075,3.028,3.0135,3.09225,3.1825
3.2695,3.27825,2.25925,2.13875,2.75375,2.37975,2.7615,2.73925,3.62175,3.00075,3.1485,3.48425,3.47825,3.545,3.54475,3.33175,2.718,3.2695,3.27375,3.702,3.9005,3.9675,3.422,3.834,2.95625,3.55225,3,3.683,3.45375,3.373,3.5165,3.42,3.29775
3.2395,3.2685,2.2115,2.0455,2.7235,2.35225,2.74675,2.68675,3.62975,2.95175,3.107,3.5115,3.4295,3.56725,3.5145,3.28025,2.69025,3.2005,3.2625,3.69,3.9125,3.89525,3.349,3.76575,2.85,3.53925,2.8945,3.699,3.44525,3.3345,3.43825,3.42975,3.3065
3.2665,3.2495,2.278,2.129,2.74125,2.40025,2.809,2.75125,3.57125,2.97425,3.16925,3.40175,3.4035,3.516,3.55075,3.2715,2.71925,3.1685,3.211,3.63475,3.8305,3.72225,3.3435,3.7515,2.889,3.511,2.91475,3.64,3.4495,3.3255,3.40825,3.4015,3.518
3.78075,3.73875,2.69925,2.56225,3.1675,2.81775,3.327,3.25775,4.06625,3.4565,3.74175,3.7775,3.91275,3.9885,4.128,3.77325,3.18775,3.61525,3.6225,4.09375,4.25525,4.17425,3.8505,4.27525,3.39575,4.00975,3.37575,4.116,3.93375,3.83075,3.89375,3.9095,3.94725
3.513,3.49975,2.34475,2.1235,2.93375,2.51175,2.97975,2.87625,4.00125,3.16775,3.37775,3.84075,3.692,3.9355,3.836,3.53275,2.90625,3.4185,3.5365,4.02975,4.26,4.0405,3.56325,4.06925,2.9865,3.88225,3.0335,4.0725,3.755,3.6235,3.65525,3.77225,3.659
4.103,4.1815,2.76475,2.57725,3.364,2.89625,3.4415,3.39575,4.52875,3.71475,3.94975,4.228,4.27875,4.42875,4.47575,4.09725,3.349,3.9935,3.982,4.588,4.83275,4.874,4.213,4.75625,3.59025,4.44275,3.6085,4.594,4.34025,4.17825,4.31,4.27475,4.39675
3.54075,3.5805,2.40925,2.20425,2.96125,2.55,3.0465,2.93425,3.973,3.1955,3.44225,3.771,3.67875,3.89625,3.871,3.52425,2.93575,3.411,3.49225,3.99375,4.19475,4.0925,3.56475,4.05825,3.0315,3.86825,3.055,4.04025,3.773,3.6435,3.65775,3.75175,3.61125
3.479,3.63675,2.38,2.2285,2.88825,2.51125,2.9305,2.90575,3.87875,3.16125,3.3725,3.63825,3.64125,3.77875,3.79625,3.48175,2.8615,3.3905,3.43975,3.88925,4.09375,4.28825,3.5745,4.01475,3.07525,3.77675,3.074,3.9175,3.69725,3.5565,3.67,3.6335,3.84725
3.331,3.3225,2.3185,2.17975,2.787,2.4285,2.846,2.81075,3.648,3.04325,3.237,3.4535,3.48275,3.566,3.6245,3.34075,2.77525,3.2565,3.2555,3.70575,3.881,3.84025,3.4305,3.83775,2.97325,3.589,2.991,3.69925,3.5065,3.407,3.50625,3.46075,3.83025
3.254,3.33625,2.19275,2.0425,2.70325,2.324,2.71525,2.68125,3.65325,2.956,3.11175,3.492,3.43575,3.5745,3.53875,3.3005,2.67275,3.2205,3.26125,3.70225,3.938,4.00975,3.36625,3.807,2.86025,3.56125,2.89075,3.71475,3.47875,3.34375,3.4875,3.43075,3.5895
3.4995,3.59175,2.39275,2.23825,2.89125,2.51825,2.956,2.91625,3.846,3.177,3.37825,3.6255,3.646,3.77375,3.8095,3.501,2.8735,3.40525,3.42025,3.9005,4.11575,4.1755,3.5875,4.0425,3.07925,3.772,3.09625,3.90925,3.708,3.557,3.671,3.6375,3.70625
4.03525,4.09475,2.95325,2.89825,3.42675,3.0975,3.6055,3.58725,4.32475,3.754,4.0945,4.012,4.24325,4.2035,4.429,4.11375,3.49525,3.922,3.93325,4.34375,4.42625,4.68825,4.212,4.591,3.82575,4.24975,3.80525,4.322,4.19075,4.1995,4.237,4.1155,3.5515
3.5665,3.65125,2.63625,2.60975,3.06225,2.76475,3.181,3.17525,3.81225,3.32775,3.615,3.57525,3.752,3.69275,3.9005,3.67325,3.126,3.4975,3.497,3.88925,3.93525,4.209,3.7595,4.0775,3.42075,3.74625,3.41475,3.805,3.73375,3.75275,3.7795,3.61775,3.875
4.0465,4.0765,2.9505,2.94,3.45725,3.0715,3.56675,3.567,4.283,3.77525,4.06225,4.03525,4.2705,4.14125,4.42775,4.20225,3.54575,4.01725,3.9105,4.42,4.50275,4.75275,4.32075,4.687,3.9215,4.2475,3.91325,4.2815,4.23125,4.2915,4.33875,4.10375,4.18925
3.48975,3.7185,2.49125,2.46875,2.95325,2.627,2.989,3.02,3.80075,3.246,3.45125,3.6515,3.747,3.68025,3.84325,3.62325,3.009,3.52875,3.499,3.9375,4.0495,4.64625,3.78575,4.133,3.41625,3.71825,3.385,3.8025,3.693,3.65675,3.78925,3.5785,3.5965
3.271,3.5975,2.30375,2.2635,2.775,2.4915,2.8155,2.80825,3.659,3.01975,3.2215,3.58375,3.511,3.55075,3.5855,3.3635,2.77675,3.2805,3.39075,3.70875,3.924,4.604,3.5135,3.86475,3.139,3.5485,3.097,3.6655,3.4945,3.3795,3.56,3.4445,3.32725
4.47,4.5845,2.9145,2.6285,3.642,3.05375,3.72125,3.58325,4.98725,4.0445,4.21275,4.72025,4.6735,4.90825,4.85175,4.562,3.6315,4.4285,4.3135,5.15925,5.45825,5.36925,4.566,5.27325,3.78275,4.98675,3.8985,5.133,4.776,4.6065,4.75325,4.76925,5.3205
4.62725,4.598,3.17,3.01925,3.74475,3.3105,3.967,3.91175,4.91975,4.19225,4.515,4.5395,4.76125,4.81975,5.0765,4.68625,3.812,4.4205,4.3335,5.00175,5.2405,5.16575,4.7405,5.31975,4.12825,4.89625,4.1025,4.97725,4.82825,4.72125,4.8475,4.7525,5.78375
2.661,2.669,1.82325,1.76875,2.23625,1.9535,2.285,2.2545,2.934,2.452,2.59675,2.89025,2.861,2.86775,2.92275,2.74275,2.24225,2.672,2.6985,2.99975,3.20775,3.30475,2.85475,3.163,2.53625,2.8865,2.51225,2.9755,2.81475,2.77575,2.89575,2.8115,2.96975
3.0015,2.941,1.998,1.8335,2.5225,2.1605,2.594,2.4855,3.37325,2.7235,2.89325,3.308,3.1945,3.3295,3.29575,3.06525,2.482,2.94875,3.05475,3.449,3.66875,3.47925,3.11325,3.52,2.6785,3.30275,2.67225,3.4515,3.1975,3.1195,3.173,3.24675,3.32225
3.3565,3.315,2.33625,2.15225,2.879,2.48425,2.96125,2.84775,3.72275,3.0705,3.29925,3.58425,3.538,3.667,3.67325,3.37625,2.83875,3.25375,3.36275,3.798,3.966,3.7635,3.441,3.8625,2.97725,3.6565,3.017,3.81125,3.5435,3.488,3.48275,3.564,3.7485
2.40275,2.4805,1.75,1.68075,2.10075,1.88325,2.1895,2.10525,2.6415,2.23275,2.3995,2.6155,2.54825,2.58575,2.62225,2.44175,2.074,2.35425,2.45925,2.678,2.79875,2.88525,2.50825,2.7515,2.2705,2.58075,2.25125,2.67475,2.5415,2.5085,2.52875,2.545,2.6335
2.87825,3.02425,2.146,2.09575,2.5285,2.298,2.64225,2.55975,3.13425,2.68425,2.90925,3.0585,3.0295,3.04,3.14275,2.9625,2.531,2.81625,2.9265,3.21975,3.2775,3.509,3.01975,3.27325,2.75925,3.06025,2.741,3.146,3.05625,3.04075,3.04825,2.9915,3.33275
2.66575,2.79675,1.95175,1.9245,2.3275,2.1,2.406,2.34925,2.9395,2.48525,2.674,2.89725,2.8455,2.84225,2.91375,2.76375,2.34375,2.6605,2.7575,3.0105,3.118,3.397,2.855,3.09875,2.5995,2.8615,2.5755,2.9395,2.84175,2.81725,2.8695,2.81275,3.1015
2.96775,3.232,2.00525,1.914,2.49725,2.1655,2.51525,2.46975,3.3845,2.72275,2.84525,3.3565,3.20275,3.29625,3.24625,3.07025,2.44675,3.00575,3.08525,3.4085,3.71475,4.1665,3.17325,3.55625,2.79675,3.2765,2.74975,3.4345,3.19875,3.07875,3.27025,3.204,3.19325
2.5315,2.54525,1.7395,1.632,2.1795,1.89675,2.246,2.128,2.87075,2.33975,2.44025,2.9055,2.7195,2.85325,2.764,2.68175,2.1385,2.597,2.683,2.93825,3.2035,3.105,2.6745,2.97575,2.37575,2.81875,2.322,2.927,2.73575,2.647,2.77875,2.814,2.7125
3.6155,3.3965,2.504,2.202,3.19625,2.68375,3.26375,3.01075,4.13675,3.29325,3.565,4.0445,3.8155,4.06625,3.9345,3.67725,3.16325,3.543,3.7115,4.20275,4.37125,3.8465,3.624,4.123,3.13225,4.10275,3.13675,4.2365,3.8575,3.82175,3.7015,3.95625,2.62875
2.94275,3.179,1.98825,1.805,2.51075,2.16425,2.5605,2.42975,3.38025,2.68475,2.814,3.38225,3.11675,3.329,3.194,3.04175,2.457,2.91125,3.05,3.43,3.69425,3.80675,3.038,3.4275,2.5895,3.28475,2.599,3.46925,3.18575,3.061,3.12825,3.222,4.09725
2.97,2.94825,2.02025,1.81975,2.547,2.1815,2.5985,2.459,3.36875,2.6955,2.85875,3.3205,3.13375,3.32325,3.23675,3.0375,2.5015,2.8985,3.03825,3.43675,3.64175,3.4,3.0425,3.4375,2.5815,3.30225,2.61675,3.45375,3.18225,3.08675,3.1,3.21525,3.16125
2.5225,2.55925,1.70875,1.562,2.1435,1.856,2.20175,2.09025,2.865,2.294,2.4205,2.85,2.67,2.823,2.75175,2.588,2.0995,2.484,2.5995,2.9035,3.1205,3.03475,2.61275,2.93225,2.23675,2.78325,2.23025,2.92675,2.7,2.6115,2.66875,2.7365,2.582
2.175,2.061,1.45425,1.31775,1.845,1.60125,1.9315,1.8065,2.4595,1.9685,2.0965,2.4645,2.309,2.43775,2.3915,2.234,1.82975,2.1385,2.24225,2.51925,2.666,2.396,2.26125,2.526,1.935,2.39025,1.916,2.5055,2.30675,2.25125,2.281,2.37725,2.32925
2.46375,2.25725,1.602,1.41575,2.06925,1.77,2.1725,2.006,2.7995,2.2105,2.36875,2.79375,2.61475,2.78675,2.71425,2.525,2.042,2.414,2.505,2.886,3.03075,2.60175,2.53025,2.85625,2.118,2.7475,2.13225,2.86375,2.6045,2.56825,2.54425,2.72125,2.7605
2.552,2.50325,1.67375,1.48025,2.1675,1.8495,2.229,2.0705,2.94,2.30425,2.44325,2.98,2.70075,2.91475,2.78425,2.6635,2.1275,2.53225,2.65,3.0285,3.23525,2.90875,2.62175,2.982,2.198,2.8855,2.21125,3.02325,2.76575,2.66225,2.6955,2.8455,2.88325
2.541,2.77375,1.72925,1.62675,2.1585,1.88325,2.20375,2.1195,2.90725,2.3275,2.445,2.9065,2.714,2.84675,2.76675,2.623,2.10525,2.5415,2.6555,2.92,3.1835,3.473,2.67275,2.99675,2.31975,2.81975,2.30475,2.9605,2.7365,2.6375,2.75375,2.76575,2.58275
2.71,2.71425,1.8895,1.7315,2.33025,2.03125,2.39825,2.276,3.02825,2.47325,2.62475,2.99325,2.846,2.99075,2.9455,2.74375,2.28475,2.63075,2.75275,3.09025,3.27225,3.119,2.7835,3.11025,2.41375,2.96075,2.41375,3.1005,2.8805,2.7945,2.81625,2.90925,2.895
2.535,2.62325,1.75075,1.6415,2.1815,1.9035,2.22525,2.13175,2.8935,2.32475,2.4485,2.89275,2.70625,2.83725,2.7585,2.61625,2.12625,2.5195,2.662,2.91775,3.15,3.22175,2.653,2.96775,2.32225,2.805,2.30275,2.9445,2.72325,2.63475,2.73125,2.7595,2.538
2.931,2.98275,1.95675,1.77325,2.48875,2.1265,2.522,2.40975,3.36525,2.66375,2.7935,3.33375,3.1195,3.3135,3.1935,3.034,2.44125,2.9,3.03925,3.422,3.67275,3.584,3.0335,3.43775,2.57125,3.27125,2.58925,3.44675,3.166,3.05375,3.131,3.2,3.0555
2.74125,2.86,1.89325,1.7675,2.3535,2.022,2.37125,2.302,3.11,2.51325,2.63925,3.05125,2.923,3.03725,2.97775,2.82575,2.3045,2.73325,2.826,3.15225,3.36125,3.48525,2.871,3.2145,2.485,3.02425,2.494,3.1625,2.94775,2.8535,2.9615,2.95,2.89825
3.03975,3.13325,2.019,1.837,2.5665,2.1795,2.58325,2.48975,3.48225,2.75575,2.87425,3.43825,3.23,3.4165,3.30675,3.1555,2.52225,3.01975,3.12875,3.548,3.81775,3.79375,3.158,3.57675,2.678,3.3945,2.68275,3.5615,3.30825,3.159,3.27825,3.3085,3.35925
3.27725,3.285,2.16975,1.965,2.72975,2.31825,2.7565,2.66525,3.69875,2.95375,3.11325,3.568,3.44375,3.641,3.576,3.345,2.69725,3.21575,3.295,3.78025,4.03825,3.8715,3.358,3.845,2.8085,3.62975,2.8585,3.791,3.537,3.3805,3.48725,3.50675,3.5465
3.20775,3.09475,2.25825,2.08175,2.7505,2.378,2.82575,2.7255,3.533,2.93875,3.133,3.3935,3.3625,3.48375,3.49425,3.227,2.717,3.113,3.18075,3.61325,3.78075,3.5085,3.29275,3.68225,2.8515,3.4875,2.884,3.6155,3.36925,3.315,3.32925,3.38925,3.537
2.688,2.71275,1.8845,1.76925,2.30275,2.01875,2.36375,2.27925,2.98,2.4675,2.60625,2.94525,2.8455,2.93675,2.92175,2.7305,2.2575,2.6505,2.73625,3.03825,3.23725,3.2175,2.79925,3.11325,2.45375,2.91675,2.45125,3.04075,2.85375,2.7725,2.8485,2.86475,3.3845
3.3995,3.66225,2.35925,2.19975,2.87475,2.50775,2.91825,2.85525,3.77275,3.104,3.29075,3.62325,3.56175,3.70675,3.69525,3.4405,2.82325,3.323,3.407,3.8285,4.056,4.31925,3.5,3.927,3.02125,3.686,3.03975,3.849,3.64225,3.487,3.581,3.5815,3.58775
3.35975,3.4225,2.28325,2.11725,2.832,2.4305,2.8595,2.7935,3.7735,3.0565,3.2325,3.62875,3.548,3.7,3.6655,3.41875,2.78525,3.30475,3.39775,3.834,4.072,4.07225,3.47575,3.9215,2.9615,3.685,2.996,3.84675,3.5995,3.47075,3.5825,3.568,3.505
3.6765,3.70375,2.5675,2.37375,3.134,2.70925,3.20175,3.1015,4.06625,3.36325,3.57825,3.9005,3.8565,4.004,3.99975,3.69975,3.08825,3.58075,3.65875,4.1515,4.35075,4.249,3.76975,4.2355,3.25725,3.9945,3.2965,4.158,3.8975,3.7915,3.83275,3.88,3.917
2.75275,2.75375,1.98325,1.894,2.3955,2.1075,2.439,2.3785,3.04675,2.54925,2.709,2.983,2.9235,2.9775,2.9915,2.8045,2.353,2.726,2.81125,3.09375,3.24825,3.263,2.8765,3.18275,2.56325,2.9795,2.56625,3.088,2.91475,2.8575,2.93825,2.90825,3.2075
3.28625,3.499,2.24825,2.0845,2.7875,2.40025,2.80875,2.73725,3.719,2.99775,3.16475,3.5845,3.475,3.63975,3.577,3.34625,2.73475,3.23975,3.3515,3.75925,3.9955,4.207,3.3995,3.82625,2.9015,3.60975,2.9345,3.78775,3.538,3.40025,3.5065,3.50475,3.29675
2.979,3.104,2.04775,1.8925,2.53575,2.19025,2.579,2.48625,3.3455,2.71825,2.86675,3.274,3.143,3.286,3.24,3.0305,2.487,2.92775,3.02625,3.3995,3.62275,3.6795,3.086,3.4575,2.668,3.26275,2.6625,3.4155,3.194,3.077,3.1585,3.195,3.011
3.15925,3.2485,2.22425,2.0855,2.71525,2.36275,2.76,2.68225,3.519,2.90175,3.075,3.41725,3.33525,3.444,3.43475,3.20725,2.66175,3.10825,3.2,3.57,3.76825,3.83425,3.2815,3.64675,2.87825,3.4385,2.873,3.57825,3.36275,3.26775,3.351,3.3565,3.21
3.036,3.305,2.127,2.03075,2.592,2.2705,2.61525,2.57425,3.4045,2.79475,2.954,3.31675,3.23,3.31525,3.29825,3.097,2.54,3.02625,3.106,3.431,3.6565,4.07925,3.1945,3.56075,2.78925,3.30775,2.8055,3.446,3.25725,3.13975,3.2795,3.209,3.49975
3.48575,3.5075,2.40225,2.211,2.97225,2.54325,3.00525,2.913,3.891,3.18175,3.366,3.75175,3.67675,3.82225,3.79425,3.5505,2.92875,3.426,3.5065,3.98425,4.19325,4.09675,3.59,4.052,3.06775,3.82175,3.124,3.9815,3.72725,3.61575,3.6935,3.6995,3.7415
3.38375,3.50825,2.32425,2.15375,2.84975,2.45975,2.89675,2.82675,3.75175,3.083,3.268,3.57725,3.5455,3.69025,3.68475,3.42475,2.80625,3.30825,3.3715,3.82825,4.04175,4.09925,3.478,3.9255,2.97925,3.684,3.01475,3.837,3.6145,3.47975,3.5675,3.56875,3.615
3.1245,3.28175,2.19525,2.09925,2.6695,2.3435,2.69825,2.658,3.49025,2.877,3.048,3.3955,3.32,3.4035,3.39825,3.17975,2.62125,3.106,3.19325,3.52225,3.74425,4.0025,3.28075,3.65425,2.87975,3.3955,2.88775,3.5335,3.33625,3.22925,3.3645,3.30075,3.2455
3.16225,3.23675,2.178,2.0175,2.699,2.33325,2.74175,2.6395,3.54875,2.888,3.03975,3.48875,3.34275,3.48925,3.4365,3.22925,2.64775,3.119,3.228,3.61825,3.86125,3.85425,3.27775,3.67725,2.83425,3.466,2.83975,3.6295,3.389,3.271,3.36725,3.386,3.229
3.665,3.91725,2.40275,2.20625,3.0455,2.5695,3.02425,2.97725,4.21775,3.321,3.469,4.035,3.88375,4.1195,3.99325,3.788,2.99975,3.66025,3.74575,4.274,4.59,4.82425,3.78975,4.3445,3.16775,4.099,3.21975,4.316,3.995,3.80975,4.00225,3.94475,3.64325
3.5255,3.675,2.3435,2.1095,2.95875,2.495,2.9805,2.867,3.9915,3.18475,3.3445,3.85,3.7,3.92625,3.83125,3.60975,2.922,3.47125,3.54125,4.096,4.34425,4.31675,3.5955,4.1325,3.00175,3.94025,3.07975,4.10675,3.8315,3.65025,3.748,3.7855,3.304
3.0525,3.191,2.12675,1.997,2.609,2.2695,2.63875,2.56825,3.42625,2.79625,2.95225,3.33925,3.22925,3.35075,3.316,3.11475,2.55775,3.02275,3.1185,3.47075,3.69925,3.84175,3.17325,3.55325,2.7455,3.33725,2.77025,3.48575,3.27525,3.157,3.27575,3.23525,3.52425
3.25425,3.4375,2.2005,2.051,2.73425,2.353,2.755,2.689,3.6705,2.96375,3.11175,3.56275,3.4435,3.598,3.53975,3.331,2.6855,3.2315,3.31175,3.7305,4.0045,4.187,3.38375,3.8245,2.87675,3.5795,2.9165,3.74975,3.50675,3.36125,3.5105,3.463,3.247
2.58525,2.72175,1.804,1.6925,2.224,1.9535,2.27425,2.18625,2.9375,2.36975,2.51275,2.903,2.74025,2.87275,2.81625,2.63975,2.1675,2.5465,2.69025,2.941,3.16475,3.30175,2.69625,3,2.3485,2.8485,2.339,2.9805,2.768,2.6765,2.7595,2.78,2.527
2.951,2.9835,1.86875,1.6455,2.45275,2.06625,2.4865,2.34775,3.44,2.6465,2.78075,3.4385,3.13,3.4045,3.226,3.09275,2.41325,2.9275,3.07225,3.52725,3.81925,3.56525,3.029,3.50275,2.49025,3.3635,2.5275,3.54225,3.24325,3.0755,3.15375,3.26675,2.6535
2.926,2.753,1.88525,1.64375,2.47425,2.07725,2.534,2.35025,3.385,2.61475,2.821,3.3535,3.102,3.35125,3.21425,3.01575,2.44775,2.8555,3.0085,3.4975,3.66775,3.15825,2.95975,3.41075,2.4525,3.326,2.493,3.4705,3.166,3.071,3.02025,3.2475,3.242
3.10275,3.1655,2.0575,1.842,2.58675,2.21175,2.66,2.50275,3.4875,2.774,2.95175,3.3765,3.1845,3.45125,3.381,3.11825,2.55525,3.01,3.05775,3.5485,3.8025,3.597,3.104,3.57575,2.57375,3.448,2.61975,3.593,3.34625,3.19675,3.2085,3.33725,3.12025
2.89,2.917,1.91575,1.72775,2.43775,2.08375,2.49175,2.36225,3.303,2.607,2.765,3.24775,3.04125,3.2565,3.1645,2.9625,2.393,2.816,2.96175,3.3515,3.59425,3.401,2.96125,3.37125,2.47675,3.214,2.50775,3.3835,3.1165,2.996,3.0395,3.1395,3.0375
2.67275,2.69925,1.8455,1.7195,2.2895,2.005,2.358,2.243,3.0185,2.4465,2.578,3.02575,2.8305,2.9715,2.911,2.7435,2.249,2.6485,2.7755,3.08675,3.31525,3.23775,2.7805,3.10275,2.45575,2.93425,2.4025,3.0785,2.86325,2.761,2.846,2.91975,2.73625
2.34,2.439,1.63725,1.5425,2.00825,1.761,2.034,1.9795,2.6535,2.13725,2.279,2.569,2.45625,2.58,2.5525,2.38775,1.95825,2.29275,2.41675,2.64775,2.84475,2.94325,2.42875,2.70675,2.10575,2.5725,2.10675,2.6875,2.5185,2.415,2.508,2.48975,2.331
2.5325,2.42725,1.82225,1.662,2.2345,1.94025,2.297,2.1645,2.8225,2.3075,2.507,2.72625,2.644,2.772,2.75925,2.5305,2.181,2.445,2.561,2.846,2.96275,2.6975,2.56225,2.83725,2.24475,2.7635,2.2425,2.879,2.67675,2.6335,2.58325,2.706,2.9085
3.056,3.27275,2.2625,2.29575,2.681,2.42225,2.72575,2.72525,3.321,2.8785,3.092,3.26275,3.2955,3.229,3.4215,3.23875,2.7395,3.12325,3.1575,3.5165,3.54,4.11375,3.3705,3.62625,3.1335,3.2365,3.10675,3.298,3.256,3.28525,3.35825,3.18375,3.16875
4.13075,4.10675,2.9215,2.8965,3.4445,3.04525,3.58025,3.5925,4.36475,3.81,4.11525,4.04625,4.34475,4.23675,4.5375,4.2855,3.53975,4.06,3.94575,4.49225,4.602,4.7765,4.38575,4.81075,3.91875,4.33425,3.9155,4.3645,4.3225,4.35775,4.42975,4.1825,4.9835
4.4775,4.58425,3.02375,2.8135,3.6645,3.16825,3.8485,3.73375,4.85675,4.03025,4.36275,4.49975,4.60375,4.775,4.9185,4.508,3.6845,4.28,4.25525,4.94875,5.17925,5.1295,4.522,5.1655,3.8805,4.804,3.898,4.95675,4.76575,4.56175,4.66,4.67775,3.70025
3.01,3.0915,2.1185,2.04525,2.5475,2.2535,2.61275,2.5825,3.27375,2.76725,2.95575,3.17475,3.17575,3.205,3.28675,3.08375,2.54,2.961,3.00625,3.33925,3.52775,3.67025,3.16525,3.50575,2.78275,3.22375,2.799,3.32,3.194,3.1415,3.213,3.113,2.96275
3.757,3.71775,2.731,2.6285,3.168,2.854,3.39575,3.306,3.98075,3.4595,3.7785,3.663,3.90175,3.90325,4.1235,3.80025,3.21525,3.59925,3.565,4.04475,4.12875,4.10775,3.84325,4.231,3.45725,3.956,3.41425,4.025,3.894,3.891,3.89425,3.864,3.82775
3.08575,3.1645,2.071,1.92475,2.588,2.22775,2.623,2.54925,3.471,2.80175,2.95625,3.371,3.26175,3.4155,3.37,3.1525,2.54,3.04475,3.14925,3.53825,3.80175,3.8115,3.19675,3.62475,2.715,3.392,2.7515,3.5545,3.32125,3.1875,3.31225,3.29325,3.04225
2.94625,3.32775,1.94975,1.82875,2.481,2.133,2.48725,2.41975,3.413,2.68175,2.8045,3.35975,3.159,3.345,3.213,3.05825,2.41225,2.96225,3.117,3.433,3.7735,4.29975,3.0985,3.52575,2.63425,3.31225,2.658,3.495,3.2335,3.064,3.24275,3.19925,4.5865
2.50675,2.41675,1.71375,1.548,2.14425,1.85275,2.2355,2.0825,2.797,2.25225,2.4595,2.715,2.59525,2.76925,2.748,2.5,2.1045,2.42175,2.5045,2.83325,2.99975,2.69025,2.49625,2.86025,2.15475,2.75925,2.14775,2.87675,2.672,2.6,2.5685,2.696,2.4855
3.3845,3.18525,2.2085,2.0365,2.69125,2.36425,2.94525,2.78475,3.644,2.99425,3.3035,3.3755,3.449,3.6215,3.7605,3.3285,2.73825,3.234,3.151,3.692,3.9435,3.558,3.32575,3.9175,2.8705,3.618,2.81725,3.7315,3.53075,3.42225,3.48525,3.5735,3.751
2.36325,2.31,1.554,1.4295,1.914,1.6945,2.0305,1.9435,2.571,2.113,2.27225,2.51725,2.42375,2.57525,2.60125,2.35425,1.91425,2.25825,2.3025,2.63275,2.86925,2.59975,2.3995,2.735,2.02,2.54575,2.0275,2.65725,2.49825,2.38675,2.436,2.49575,2.95325
2.36325,2.31,1.554,1.4295,1.914,1.6945,2.0305,1.9435,2.571,2.113,2.27225,2.51725,2.42375,2.57525,2.60125,2.35425,1.91425,2.25825,2.3025,2.63275,2.86925,2.59975,2.3995,2.735,2.02,2.54575,2.0275,2.65725,2.49825,2.38675,2.436,2.49575,2.381
2.02075,2.3635,1.34425,1.2385,1.74,1.48875,1.7625,1.67025,2.38525,1.84,1.94375,2.422,2.16175,2.34125,2.2065,2.1355,1.6815,2.024,2.186,2.39175,2.63775,2.9815,2.116,2.4185,1.81,2.311,1.798,2.4375,2.2595,2.11875,2.2225,2.25,1.92275
2.35525,2.2845,1.61775,1.46575,2.03025,1.743,2.08725,1.9715,2.64725,2.129,2.30075,2.5735,2.46275,2.607,2.58375,2.38425,1.989,2.275,2.3895,2.691,2.833,2.58025,2.39425,2.70075,2.0385,2.59025,2.06525,2.7105,2.51975,2.4455,2.43025,2.5345,2.58175
2.19125,2.17175,1.62325,1.5515,1.93225,1.73075,1.9955,1.93775,2.4175,2.026,2.211,2.31275,2.3065,2.341,2.40175,2.23025,1.9045,2.11225,2.23175,2.42275,2.49675,2.49125,2.264,2.4675,2.043,2.35425,2.022,2.42525,2.31575,2.28575,2.302,2.28825,2.32325
3.71825,3.87675,2.57575,2.48075,3.11025,2.737,3.149,3.13025,4.023,3.39675,3.60425,3.85975,3.88675,3.93575,4.046,3.82925,3.09375,3.66775,3.685,4.158,4.3995,4.635,3.8985,4.34775,3.4045,3.972,3.43175,4.10875,3.98625,3.89175,4.00475,3.82425,4.901
3.18475,3.21575,2.2455,2.16575,2.68,2.39375,2.762,2.71275,3.41625,2.92625,3.104,3.357,3.3245,3.35925,3.45725,3.2465,2.67225,3.13275,3.14425,3.51625,3.7505,3.78675,3.33525,3.69,2.9385,3.383,2.95425,3.494,3.36,3.30775,3.38875,3.2785,3.58625
2.307,2.3265,1.53475,1.422,1.94075,1.69325,2.0335,1.913,2.59625,2.08,2.22875,2.58375,2.408,2.55325,2.543,2.371,1.91625,2.24375,2.366,2.6775,2.863,2.68375,2.3815,2.6785,2.09875,2.52275,2.01625,2.6505,2.5,2.36425,2.429,2.52925,2.40925
2.3635,3.0205,1.6305,1.5465,2.10875,1.801,2.1065,1.9995,2.7705,2.183,2.318,2.85925,2.55925,2.69725,2.5855,2.5715,2.06075,2.408,2.6135,2.98825,3.12525,4.0245,2.5325,2.859,2.283,2.70375,2.2315,2.84275,2.70425,2.54375,2.6645,2.66725,2.49725
2.27675,2.59225,1.62225,1.594,2.0465,1.78425,2.05125,1.966,2.60975,2.144,2.252,2.72575,2.5145,2.55075,2.549,2.471,2.0245,2.39875,2.54125,2.80775,2.94075,3.52525,2.51975,2.835,2.3655,2.55825,2.305,2.664,2.551,2.4945,2.59075,2.542,2.50525
1.9865,2.156,1.35575,1.29025,1.722,1.48775,1.75375,1.663,2.26,1.8305,1.9125,2.32275,2.14225,2.2195,2.1755,2.1155,1.69725,2.0235,2.13325,2.38,2.56275,2.7115,2.12075,2.38575,1.9185,2.20775,1.863,2.315,2.2055,2.102,2.204,2.20275,2.1205
2.313,2.52975,1.52425,1.39175,1.99025,1.6895,2.01525,1.889,2.67225,2.10075,2.22425,2.72425,2.46975,2.635,2.5215,2.4715,1.94825,2.32775,2.471,2.7885,3.024,3.07,2.4015,2.7545,2.086,2.61325,2.06475,2.76375,2.5995,2.42925,2.53425,2.5985,2.296
2.393,2.64225,1.57525,1.42175,2.063,1.7455,2.083,1.95375,2.795,2.163,2.30325,2.83225,2.539,2.74275,2.61075,2.56275,2.01475,2.39325,2.56325,2.893,3.1225,3.1405,2.468,2.83425,2.12375,2.72775,2.0975,2.878,2.71225,2.51225,2.61125,2.69025,2.34825
2.8755,3.0105,1.863,1.67125,2.4395,2.05625,2.47575,2.32475,3.314,2.57025,2.75675,3.30525,3.013,3.251,3.1555,3.04475,2.381,2.81275,3.00325,3.42575,3.677,3.482,2.94275,3.39625,2.5005,3.22825,2.483,3.412,3.22425,2.99,3.08125,3.18,2.81325
2.79875,2.832,1.85625,1.69225,2.39,2.0305,2.426,2.30625,3.2145,2.516,2.698,3.154,2.95575,3.14,3.08025,2.911,2.333,2.72325,2.92775,3.269,3.4785,3.308,2.882,3.278,2.4755,3.1025,2.4495,3.2735,3.073,2.91125,2.986,3.05475,3.01975
2.81075,2.944,1.853,1.66625,2.388,2.02475,2.4215,2.28625,3.20575,2.529,2.688,3.18475,2.95675,3.15575,3.07025,2.9465,2.33775,2.763,2.9105,3.324,3.5475,3.43225,2.88,3.3075,2.46175,3.14225,2.45775,3.30425,3.11175,2.9205,3.00125,3.0815,3.26675
2.75125,2.70325,1.8275,1.64575,2.357,2.001,2.404,2.2595,3.13575,2.47775,2.66375,3.10825,2.9015,3.0865,3.019,2.853,2.3065,2.68925,2.85175,3.24875,3.419,3.112,2.81875,3.2165,2.41825,3.06075,2.41225,3.21875,3.00125,2.86475,2.894,3.0145,3.3975
3.055,3.06625,2.09725,1.925,2.623,2.25075,2.67,2.55275,3.41775,2.757,2.9705,3.29725,3.17825,3.348,3.34775,3.1345,2.56525,2.94,3.098,3.479,3.67375,3.473,3.11525,3.51675,2.68175,3.33325,2.68975,3.49575,3.307,3.15975,3.20225,3.25625,3.11675
3.5145,3.59925,2.3335,2.1255,2.961,2.52225,3.00425,2.86075,3.93175,3.15075,3.34125,3.84975,3.65675,3.86125,3.83875,3.67125,2.9045,3.42625,3.5585,4.08525,4.35075,4.158,3.58975,4.10375,3.1065,3.85475,3.073,4.047,3.85975,3.6505,3.72975,3.81225,3.71
4.175,3.96575,2.7915,2.4605,3.6085,2.9905,3.6985,3.42625,4.7735,3.737,4.09525,4.6155,4.3955,4.6785,4.5925,4.2405,3.55025,4.06075,4.23725,4.869,5.0635,4.494,4.16825,4.8135,3.565,4.71,3.58475,4.8985,4.51675,4.39025,4.32275,4.54475,3.538
3.08675,3.0355,2.097,1.91125,2.64275,2.249,2.676,2.56575,3.46275,2.79525,2.9855,3.356,3.25275,3.404,3.3795,3.16325,2.5945,2.99975,3.14325,3.55025,3.74025,3.50325,3.16925,3.58725,2.72325,3.39225,2.744,3.549,3.32475,3.20625,3.24825,3.30225,3.339
3.1655,3.283,2.10775,1.91325,2.67175,2.283,2.7075,2.5815,3.56775,2.84875,3.0185,3.4895,3.30825,3.5175,3.45525,3.27075,2.62025,3.081,3.23375,3.66775,3.931,3.8325,3.235,3.70125,2.76025,3.49525,2.7685,3.67625,3.4615,3.264,3.35625,3.419,3.44675
4.10975,4.33425,2.85025,2.659,3.49175,3.02525,3.58525,3.461,4.49925,3.725,4.02175,4.2785,4.2385,4.41425,4.4945,4.21925,3.43625,3.9545,4.0605,4.63625,4.83075,4.8975,4.17175,4.724,3.61975,4.427,3.64975,4.619,4.448,4.278,4.32275,4.30175,4.17525
1.696,1.75275,1.15725,1.02625,1.48125,1.272,1.51775,1.403,1.96325,1.5485,1.65425,2.01425,1.79825,1.9415,1.84475,1.796,1.576,1.74325,1.80975,2.062,2.187,2.02875,1.74225,1.97825,1.59925,1.9245,1.49325,2.02175,1.8805,1.7785,1.818,1.92675,1.7045
1.7075,1.7515,1.11375,0.9775,1.4665,1.24675,1.50875,1.376,1.99325,1.53975,1.66075,2.04175,1.79825,1.97275,1.862,1.8065,1.504,1.72625,1.79875,2.096,2.22775,1.968,1.72475,1.99875,1.5315,1.96475,1.45725,2.06275,1.905,1.79375,1.82475,1.95425,1.69925
1.46725,1.44975,1.026,0.91725,1.27825,1.114,1.324,1.2265,1.65575,1.33375,1.412,1.7385,1.535,1.65825,1.5835,1.54125,1.40175,1.53725,1.59,1.7515,1.85975,1.7005,1.509,1.68,1.422,1.63475,1.29475,1.692,1.6045,1.52425,1.564,1.6565,1.51875
1.4045,1.379,0.99125,0.88475,1.20175,1.0625,1.24925,1.17325,1.5665,1.27625,1.3245,1.667,1.46875,1.58425,1.515,1.4725,1.37825,1.50725,1.52825,1.66225,1.7825,1.67675,1.4645,1.6245,1.3755,1.55875,1.24625,1.60725,1.525,1.44775,1.508,1.57575,1.48275
1.53675,1.576,1.03675,0.9195,1.30575,1.13425,1.34825,1.2505,1.74425,1.386,1.446,1.8565,1.60575,1.75675,1.66175,1.62825,1.4425,1.62625,1.6695,1.85025,2.01425,1.88425,1.5875,1.787,1.4515,1.732,1.3345,1.80075,1.7055,1.591,1.66225,1.74575,2.1625
1.8225,1.913,1.21875,1.08375,1.60275,1.37075,1.6315,1.4975,2.151,1.65575,1.78225,2.23825,1.937,2.13325,1.98175,1.9555,1.65225,1.866,2.00075,2.25125,2.39775,2.2495,1.86525,2.13775,1.66675,2.11175,1.5875,2.212,2.05575,1.915,1.96175,2.0835,1.86525
1.80125,1.847,1.19425,1.04575,1.58575,1.3415,1.61525,1.47075,2.1355,1.6325,1.769,2.217,1.9195,2.11375,1.96725,1.94225,1.62675,1.85575,1.97675,2.24375,2.385,2.08375,1.83725,2.11675,1.64475,2.102,1.5565,2.196,2.042,1.917,1.95425,2.0985,1.77425
1.76025,1.75475,1.12575,0.9915,1.4035,1.225,1.447,1.36025,1.904,1.5385,1.55,2.104,1.7855,1.9725,1.85275,1.8325,1.5665,1.9615,1.87875,2.06625,2.3035,2.14575,1.79975,2.028,1.59325,1.94625,1.47725,2.0145,1.9345,1.79275,1.872,1.9585,1.8215
2.001,2.04875,1.25075,1.083,1.68425,1.4135,1.714,1.57275,2.3815,1.8015,1.9115,2.44725,2.13175,2.36525,2.181,2.14725,1.684,2.02675,2.14375,2.5015,2.6795,2.365,2.02625,2.384,1.689,2.35025,1.69125,2.462,2.2555,2.10725,2.159,2.31625,2.02075
2.42875,2.4995,1.58175,1.379,2.11,1.773,2.14225,1.95725,2.88125,2.2015,2.3755,2.937,2.57675,2.837,2.64775,2.6,2.0865,2.50275,2.6095,3.04525,3.20975,2.7985,2.43875,2.856,2.11025,2.844,2.064,2.973,2.75925,2.57525,2.61225,2.8255,2.31775
2.223,2.20025,1.4055,1.21825,1.8655,1.57375,1.90575,1.75025,2.5965,1.98675,2.1345,2.62675,2.34175,2.576,2.42375,2.331,1.84725,2.19625,2.315,2.7215,2.886,2.51975,2.226,2.61925,1.8325,2.563,1.873,2.6865,2.47375,2.32225,2.3345,2.493,2.29925
2.0875,2.15675,1.32575,1.15,1.76925,1.48975,1.794,1.64975,2.4655,1.875,2.0055,2.513,2.20725,2.44325,2.2715,2.2205,1.74375,2.07825,2.2225,2.578,2.75875,2.4885,2.10025,2.47075,1.742,2.43375,1.76325,2.554,2.3545,2.18975,2.2205,2.37575,2.06975
1.9235,1.94475,1.2795,1.1285,1.681,1.427,1.717,1.57175,2.24475,1.73225,1.901,2.26975,2.0285,2.209,2.10125,2.02825,1.63825,1.906,2.0435,2.3475,2.45925,2.20075,1.935,2.2395,1.67825,2.20125,1.65525,2.31475,2.14375,2.02175,2.02825,2.18225,1.90575
1.1925,1.172,0.90475,0.744,1.0175,0.897,1.0565,0.995,1.34375,1.09325,1.12325,1.42275,1.259,1.4075,1.30075,1.299,1.348,1.34625,1.333,1.46875,1.528,1.47475,1.25475,1.395,1.22375,1.35175,1.05975,1.40775,1.3335,1.22975,1.292,1.34875,1.35875
1.39775,1.499,0.94175,0.754,1.14725,0.961,1.17075,1.088,1.644,1.26225,1.29725,1.68425,1.48225,1.6545,1.521,1.55125,1.33575,1.475,1.454,1.72725,1.86825,1.7695,1.4265,1.67825,1.25075,1.62925,1.184,1.73625,1.6195,1.461,1.5435,1.587,1.5005
1.54425,1.73,1.01275,0.83125,1.33875,1.09125,1.3275,1.224,1.89625,1.39825,1.5015,1.92,1.66275,1.85225,1.68575,1.7365,1.4015,1.58375,1.69875,1.94775,2.10825,2.013,1.548,1.85975,1.327,1.88,1.3025,1.987,1.809,1.6645,1.71775,1.79775,1.58225
1.49475,1.53675,0.97025,0.802,1.23825,1.04125,1.2635,1.15725,1.73925,1.33725,1.396,1.8155,1.56525,1.75,1.62475,1.63025,1.3625,1.58925,1.6045,1.8655,2.0195,1.78725,1.5075,1.77025,1.3265,1.737,1.25475,1.837,1.69375,1.56675,1.61625,1.7375,1.53175
1.9835,2.08925,1.2415,1.0625,1.68975,1.39675,1.7005,1.55275,2.389,1.79675,1.91,2.43825,2.1205,2.354,2.157,2.1575,1.6755,2.007,2.129,2.51925,2.67925,2.3665,1.98225,2.373,1.63975,2.38275,1.66725,2.47875,2.27775,2.11275,2.14675,2.30075,2.01975
2.07325,2.018,1.39075,1.206,1.82925,1.53425,1.85275,1.69475,2.4265,1.88375,2.07075,2.40275,2.1795,2.3825,2.26175,2.165,1.81075,2.03925,2.1995,2.46725,2.59075,2.27525,2.024,2.41475,1.76425,2.397,1.73625,2.49525,2.294,2.201,2.15725,2.31975,2.11475
1.07775,1.0445,0.836,0.70425,0.96525,0.84275,0.9945,0.9265,1.256,1.0055,1.06425,1.291,1.17675,1.27475,1.18075,1.19675,1.18925,1.16475,1.199,1.31825,1.34325,1.31225,1.1325,1.2725,1.103,1.23875,0.989,1.3075,1.21,1.13625,1.19525,1.21625,1.35475
1.048,1.021,0.81725,0.687,0.93575,0.8195,0.9645,0.90275,1.2215,0.98125,1.031,1.2595,1.1465,1.25125,1.146,1.1695,1.164,1.13875,1.17175,1.28325,1.314,1.29875,1.10475,1.24425,1.07275,1.20875,0.96525,1.2775,1.17775,1.106,1.172,1.1845,1.33225
1.15875,1.1385,0.87075,0.7625,1.044,0.909,1.07125,0.99825,1.355,1.07925,1.14925,1.39975,1.266,1.3515,1.265,1.2745,1.17825,1.2165,1.3005,1.39675,1.461,1.417,1.218,1.37275,1.1565,1.321,1.06925,1.39625,1.28725,1.226,1.2795,1.31525,1.414
1.194,1.18575,0.878,0.79325,1.07125,0.934,1.093,1.027,1.3935,1.1105,1.17775,1.4405,1.30225,1.37825,1.29925,1.30025,1.1595,1.22925,1.332,1.42675,1.51325,1.49175,1.25775,1.422,1.16425,1.35875,1.10925,1.431,1.31125,1.261,1.3185,1.343,1.4245
1.27275,1.2745,0.91075,0.849,1.14975,0.99975,1.16525,1.092,1.4905,1.17925,1.26125,1.54375,1.3855,1.46725,1.385,1.37325,1.17175,1.29725,1.42725,1.51825,1.62125,1.591,1.33775,1.51725,1.21375,1.446,1.18475,1.5195,1.396,1.34675,1.403,1.43125,1.504
1.231,1.216,0.90425,0.8395,1.11925,0.9805,1.13675,1.06575,1.43625,1.14525,1.22675,1.48625,1.34275,1.412,1.34125,1.33125,1.169,1.25075,1.38275,1.454,1.551,1.52625,1.29975,1.46875,1.19825,1.39775,1.1595,1.465,1.34225,1.3035,1.36275,1.37675,1.4905
1.21625,1.20525,0.894,0.827,1.10575,0.9665,1.12275,1.05225,1.41725,1.13175,1.21225,1.4655,1.327,1.394,1.3255,1.31875,1.15775,1.236,1.36475,1.439,1.53125,1.5105,1.2835,1.448,1.184,1.38125,1.1455,1.44825,1.328,1.28925,1.343,1.3615,1.45925
1.18225,1.17375,0.8575,0.78475,1.0735,0.9305,1.08675,1.01675,1.39775,1.09425,1.1805,1.4465,1.29,1.37525,1.2895,1.28775,1.12575,1.201,1.34125,1.4155,1.506,1.46825,1.239,1.41625,1.135,1.354,1.0935,1.424,1.3025,1.25575,1.3095,1.336,1.41925
1.143,1.124,0.84425,0.77425,1.035,0.90575,1.05275,0.98725,1.33375,1.06425,1.137,1.3805,1.24725,1.31475,1.24625,1.24525,1.102,1.16375,1.28325,1.35325,1.444,1.41975,1.20825,1.367,1.114,1.303,1.07425,1.368,1.25025,1.20925,1.26925,1.28125,1.42625
1.062,1.04625,0.7845,0.7235,0.95675,0.83975,0.9745,0.91875,1.23275,0.99125,1.051,1.2745,1.161,1.21775,1.15775,1.153,1.0215,1.0855,1.186,1.25225,1.3385,1.33,1.12725,1.27275,1.03925,1.20425,1.0045,1.26325,1.157,1.12175,1.17925,1.18675,1.3465
1.40425,1.43675,1.00425,0.9525,1.28175,1.11175,1.277,1.20925,1.6565,1.2995,1.403,1.7015,1.527,1.6185,1.53,1.505,1.24375,1.42475,1.59175,1.661,1.80975,1.83075,1.47825,1.687,1.32825,1.61025,1.32025,1.6845,1.55825,1.4965,1.56875,1.56425,1.57025
1.52075,1.543,1.09,1.0355,1.38,1.20275,1.37575,1.308,1.7825,1.40775,1.5105,1.83,1.646,1.7425,1.65275,1.62225,1.3405,1.541,1.7065,1.791,1.956,1.9485,1.6035,1.823,1.44725,1.73475,1.42925,1.81575,1.67475,1.612,1.6935,1.69075,1.66175
1.587,1.6175,1.176,1.14225,1.45775,1.278,1.4245,1.39675,1.873,1.49225,1.59,1.855,1.74325,1.80775,1.74525,1.7025,1.4315,1.63475,1.79775,1.85375,1.996,2.0815,1.70175,1.9405,1.578,1.8165,1.54675,1.8875,1.7435,1.70325,1.80225,1.76525,1.22575
1.41275,1.4825,1.02575,0.9835,1.2955,1.11775,1.259,1.2305,1.67975,1.322,1.41875,1.6655,1.55475,1.62375,1.55125,1.52125,1.2665,1.4505,1.6085,1.67875,1.78375,1.92675,1.4975,1.71625,1.3775,1.62575,1.35775,1.6995,1.57,1.52025,1.59575,1.582,1.10825
1.40925,1.38475,1.105,1.103,1.30575,1.18075,1.28275,1.283,1.61425,1.35325,1.4405,1.579,1.554,1.5605,1.562,1.48225,1.315,1.46725,1.56325,1.59575,1.64975,1.7295,1.52975,1.69975,1.463,1.558,1.446,1.59625,1.50675,1.51375,1.58125,1.5255,1.1185
1.139,1.11425,0.9455,0.97025,1.0785,1.0005,1.0635,1.07125,1.235,1.11975,1.18,1.2135,1.2555,1.24675,1.28725,1.2265,1.117,1.229,1.23625,1.28775,1.30725,1.38575,1.27925,1.35575,1.25575,1.26075,1.25225,1.2335,1.2215,1.25175,1.26025,1.21025,1.12275
1.255,1.29425,0.94425,0.9275,1.16225,1.02375,1.13475,1.11625,1.47125,1.194,1.26775,1.46025,1.3905,1.4305,1.39075,1.35375,1.153,1.324,1.43,1.4785,1.559,1.71225,1.36125,1.55025,1.2905,1.43,1.2645,1.48125,1.37825,1.363,1.43025,1.404,0.96125
1.427,1.43025,1.08725,1.0695,1.32125,1.17075,1.28825,1.27675,1.66225,1.35925,1.43975,1.64225,1.576,1.6105,1.57675,1.5245,1.31275,1.4915,1.60725,1.65375,1.73725,1.8545,1.54225,1.7415,1.4585,1.611,1.43525,1.66525,1.55225,1.54125,1.6125,1.57525,1.11375
1.357,1.36225,1.03725,1.02375,1.2635,1.1195,1.22975,1.21875,1.5865,1.29425,1.3775,1.56975,1.50125,1.53575,1.50225,1.4535,1.25875,1.42,1.541,1.582,1.65075,1.77,1.4695,1.66175,1.397,1.53725,1.37325,1.58625,1.4805,1.47325,1.53925,1.50525,1.06
1.55725,1.54625,1.2045,1.19125,1.4485,1.2925,1.41275,1.408,1.8095,1.488,1.5825,1.77875,1.71775,1.745,1.71875,1.6505,1.4465,1.6165,1.75,1.782,1.85625,1.943,1.6825,1.88525,1.598,1.74775,1.57375,1.79825,1.678,1.678,1.753,1.7075,1.2825
1.3655,1.365,1.03675,1.02125,1.2545,1.11475,1.22575,1.22,1.59075,1.3005,1.37375,1.561,1.50925,1.53925,1.50925,1.45175,1.25025,1.4255,1.529,1.5675,1.657,1.7795,1.481,1.6715,1.39775,1.54,1.37275,1.59,1.47525,1.46975,1.546,1.504,1.09975
1.27875,1.2865,0.965,0.9555,1.17125,1.04075,1.14075,1.13925,1.4935,1.2165,1.2845,1.4675,1.41725,1.44675,1.42,1.36275,1.171,1.3425,1.44075,1.479,1.56525,1.70275,1.39475,1.58325,1.32125,1.44675,1.295,1.49325,1.38975,1.378,1.45825,1.4135,1.03825
1.186,1.243,0.87925,0.86725,1.073,0.948,1.0445,1.0415,1.3755,1.12375,1.175,1.35275,1.31075,1.3395,1.31725,1.2695,1.07,1.25575,1.32275,1.38625,1.47425,1.68,1.3005,1.4755,1.21975,1.3415,1.19825,1.38875,1.29475,1.27425,1.3555,1.30775,0.98725
1.0855,1.10825,0.824,0.81725,0.99825,0.8885,0.976,0.9695,1.25775,1.038,1.0905,1.23925,1.205,1.22625,1.2065,1.1645,1.003,1.157,1.2215,1.2595,1.32925,1.47875,1.19625,1.34725,1.13425,1.22775,1.11725,1.2625,1.1765,1.17625,1.23925,1.2015,0.9255
0.84375,0.87825,0.61875,0.60875,0.76175,0.67025,0.748,0.741,0.98975,0.79775,0.84025,0.9735,0.938,0.95925,0.94,0.9025,0.758,0.88625,0.9485,0.98675,1.052,1.17925,0.9215,1.04975,0.86625,0.959,0.845,0.993,0.9225,0.91025,0.965,0.93975,0.71125
1.013,1.05325,0.7225,0.69725,0.914,0.78875,0.891,0.87725,1.221,0.9495,1.00575,1.19725,1.12925,1.17675,1.123,1.09225,0.89575,1.0525,1.1565,1.199,1.29525,1.4145,1.08975,1.26475,1.0035,1.1785,0.97925,1.22925,1.11875,1.0965,1.167,1.14275,0.79025
1.014,1.06025,0.7225,0.707,0.906,0.787,0.8785,0.87325,1.2015,0.95125,0.995,1.18225,1.128,1.16725,1.131,1.0965,0.8965,1.0755,1.15025,1.198,1.30425,1.46,1.108,1.282,1.028,1.169,1.004,1.21925,1.1235,1.095,1.1755,1.13625,0.79425
1.164,1.188,0.84225,0.817,1.06225,0.92025,1.03025,1.01325,1.384,1.0895,1.16625,1.3705,1.28575,1.3375,1.28725,1.25625,1.043,1.205,1.33125,1.3745,1.4735,1.566,1.24925,1.43525,1.15225,1.34125,1.13175,1.397,1.29025,1.25475,1.3265,1.303,1.129
1.2205,1.2255,0.9285,0.9215,1.1265,1.0005,1.095,1.09125,1.41775,1.164,1.228,1.39975,1.3525,1.3765,1.35675,1.307,1.1295,1.29125,1.38075,1.4185,1.48825,1.599,1.33275,1.50625,1.26875,1.37825,1.25,1.4185,1.32975,1.32125,1.39,1.3475,1.3215
1.2475,1.249,0.951,0.942,1.1515,1.0225,1.11775,1.1165,1.45,1.19025,1.25625,1.429,1.382,1.40675,1.38425,1.334,1.15325,1.31675,1.40775,1.43825,1.513,1.6085,1.3605,1.5355,1.2925,1.40775,1.2735,1.45025,1.35275,1.34975,1.41875,1.37575,1.342
1.259,1.2465,0.9805,0.97875,1.1645,1.049,1.1385,1.14,1.4425,1.21025,1.2795,1.41425,1.3925,1.40125,1.40025,1.335,1.178,1.3325,1.40225,1.42775,1.48925,1.5845,1.38025,1.53725,1.323,1.4035,1.307,1.434,1.347,1.359,1.42175,1.37425,1.48875
1.1635,1.156,0.88075,0.87725,1.0565,0.9465,1.0305,1.034,1.3355,1.10775,1.1665,1.3085,1.2845,1.30075,1.29225,1.2325,1.064,1.22575,1.2925,1.32825,1.40675,1.51825,1.27475,1.4325,1.21175,1.29925,1.189,1.337,1.2535,1.24625,1.318,1.27325,1.29375
0.644,0.63825,0.48375,0.49625,0.56425,0.5195,0.56125,0.57525,0.692,0.6115,0.6345,0.69475,0.70925,0.71225,0.72325,0.6815,0.586,0.69325,0.69125,0.72125,0.773,0.88,0.7275,0.798,0.7085,0.72025,0.6895,0.71525,0.6955,0.694,0.72275,0.688,0.858
1.022,1.032,0.725,0.719,0.88725,0.7875,0.86875,0.87,1.17,0.9575,0.989,1.16475,1.12325,1.1485,1.13875,1.08575,0.8865,1.0825,1.1245,1.1735,1.3155,1.39225,1.1315,1.29,1.0545,1.154,1.02025,1.2005,1.10775,1.07725,1.1725,1.12725,1.11175
1.31375,1.434,0.91725,0.879,1.183,1.0055,1.12125,1.11125,1.5985,1.22025,1.28725,1.60225,1.44375,1.54675,1.4475,1.4535,1.16525,1.39325,1.525,1.591,1.78275,1.84975,1.4145,1.6755,1.283,1.5735,1.26175,1.65875,1.4775,1.429,1.5545,1.50075,1.3465
1.19525,1.30275,0.8355,0.8045,1.07325,0.91375,1.0165,1.0115,1.447,1.10975,1.16725,1.44825,1.31375,1.399,1.31975,1.3205,1.059,1.27275,1.3815,1.441,1.61525,1.6905,1.294,1.526,1.1735,1.4245,1.15525,1.50025,1.34475,1.298,1.41475,1.3575,1.2385
1.46075,1.584,1.041,0.99,1.354,1.14525,1.2835,1.256,1.78425,1.35825,1.468,1.80625,1.6025,1.72125,1.6005,1.61975,1.32975,1.522,1.7195,1.7865,1.95375,2.0115,1.554,1.82625,1.4075,1.74775,1.40125,1.8375,1.6525,1.6055,1.70275,1.67175,1.45
1.29075,1.3015,0.987,0.96975,1.187,1.04975,1.14525,1.149,1.4805,1.2255,1.28375,1.45675,1.4055,1.4275,1.414,1.373,1.181,1.34825,1.41525,1.478,1.5615,1.6055,1.40325,1.55125,1.314,1.44075,1.29475,1.48975,1.386,1.379,1.45225,1.405,1.72275
1.2755,1.26775,0.9905,0.98425,1.18,1.054,1.14675,1.148,1.4395,1.2155,1.28425,1.41225,1.38375,1.3915,1.4,1.3485,1.186,1.3225,1.39525,1.44575,1.50175,1.54725,1.3875,1.51025,1.33425,1.40275,1.30175,1.439,1.365,1.36375,1.4185,1.39475,1.64625
1.2735,1.2535,0.976,0.96825,1.16,1.03625,1.13125,1.1305,1.41125,1.202,1.263,1.38275,1.36275,1.36775,1.38175,1.331,1.16325,1.3065,1.36875,1.441,1.493,1.56375,1.373,1.4855,1.31975,1.3835,1.28225,1.4195,1.3555,1.34875,1.39575,1.3785,1.6275
1.404,1.33275,1.038,1.03225,1.257,1.12825,1.2775,1.24725,1.53425,1.32075,1.37,1.596,1.495,1.53675,1.50275,1.4755,1.28,1.48825,1.5385,1.58625,1.68225,1.62775,1.49525,1.65575,1.461,1.53575,1.39625,1.597,1.47825,1.459,1.54775,1.5395,1.6745
1.5575,1.50725,1.11575,1.0975,1.37,1.21325,1.38525,1.346,1.70775,1.45225,1.49575,1.77275,1.657,1.70925,1.67275,1.65225,1.37525,1.6435,1.68225,1.77325,1.91975,1.95825,1.663,1.84725,1.58425,1.7135,1.52275,1.8005,1.645,1.6135,1.7185,1.704,1.715
1.663,1.5925,1.23825,1.2315,1.48075,1.32975,1.49525,1.47125,1.80275,1.5665,1.629,1.8375,1.767,1.7895,1.78475,1.7275,1.50375,1.73425,1.7705,1.8655,1.97,2.02,1.78475,1.944,1.7235,1.79375,1.65975,1.85375,1.74,1.72225,1.8055,1.7965,1.916
1.75025,1.659,1.29,1.271,1.55975,1.389,1.57525,1.53675,1.9125,1.64325,1.70825,1.9445,1.862,1.901,1.8735,1.82975,1.57225,1.83225,1.87325,1.9815,2.0885,2.0865,1.8635,2.03825,1.79275,1.90225,1.7175,1.98,1.835,1.81325,1.90425,1.905,2.05825
1.598,1.5115,1.16575,1.143,1.42275,1.2585,1.4385,1.3985,1.753,1.496,1.55175,1.78925,1.70275,1.7455,1.7095,1.6805,1.42975,1.6795,1.72,1.8225,1.922,1.90975,1.696,1.863,1.63,1.74575,1.558,1.82225,1.68125,1.6585,1.743,1.748,1.791
1.35025,1.257,0.96075,0.9535,1.17375,1.04775,1.1975,1.173,1.457,1.25125,1.28525,1.53175,1.4265,1.4785,1.44475,1.41675,1.20275,1.46125,1.4715,1.51575,1.636,1.56925,1.42625,1.57175,1.383,1.4765,1.30225,1.5395,1.415,1.39625,1.487,1.4755,1.627
1.565,1.504,1.11125,1.0825,1.37675,1.2095,1.392,1.34775,1.72125,1.45325,1.50275,1.78275,1.66,1.7255,1.6705,1.6465,1.37775,1.65325,1.6925,1.80025,1.92175,1.92275,1.6485,1.83075,1.57125,1.72325,1.5005,1.795,1.65125,1.61725,1.70775,1.72275,1.7585
1.4285,1.33625,1.03025,1.01475,1.263,1.1205,1.283,1.2485,1.55825,1.334,1.37725,1.61475,1.5175,1.5715,1.53875,1.51175,1.2765,1.5385,1.55775,1.61875,1.71775,1.694,1.5105,1.667,1.461,1.56875,1.38625,1.63975,1.5015,1.4865,1.57075,1.56675,1.6585
1.40575,1.341,1.03425,1.008,1.2765,1.1225,1.2935,1.24625,1.57975,1.331,1.39325,1.60275,1.531,1.56375,1.52575,1.49975,1.2695,1.4645,1.5435,1.63025,1.7,1.65625,1.507,1.6645,1.4375,1.5615,1.38425,1.632,1.49275,1.48775,1.5465,1.5635,1.678
1.31,1.20325,0.9425,0.9295,1.14725,1.021,1.174,1.1465,1.4115,1.22075,1.25875,1.46475,1.3915,1.4325,1.40625,1.36625,1.173,1.41825,1.423,1.47325,1.5585,1.519,1.38725,1.5135,1.346,1.4255,1.2655,1.4745,1.37225,1.3625,1.42575,1.4325,1.593
1.33275,1.24025,0.956,0.94025,1.17225,1.03925,1.19525,1.1635,1.4535,1.2415,1.281,1.50625,1.4145,1.4685,1.43325,1.4025,1.18875,1.43325,1.45375,1.51175,1.6,1.5385,1.4085,1.54625,1.3585,1.462,1.28,1.522,1.4005,1.38825,1.46075,1.464,1.575
1.35375,1.25725,0.9785,0.96125,1.19725,1.06225,1.21975,1.18925,1.47475,1.26125,1.3025,1.53025,1.436,1.4885,1.4475,1.413,1.21925,1.46075,1.47875,1.54175,1.61275,1.54675,1.428,1.56,1.38675,1.482,1.2975,1.5285,1.423,1.40725,1.472,1.49075,1.598
1.302,1.2375,0.96125,0.94275,1.1785,1.04125,1.1955,1.158,1.45575,1.2305,1.285,1.477,1.4115,1.44525,1.40525,1.3815,1.18025,1.36375,1.431,1.49625,1.5605,1.5055,1.38925,1.5355,1.33825,1.442,1.2805,1.501,1.379,1.37225,1.43525,1.44425,1.581
1.35925,1.2745,1.01125,0.98575,1.24475,1.10625,1.27,1.214,1.5235,1.28425,1.36275,1.536,1.47075,1.51425,1.478,1.4455,1.23325,1.4245,1.5015,1.55175,1.60825,1.5245,1.44,1.57625,1.377,1.50425,1.31575,1.564,1.4325,1.432,1.496,1.51025,1.71425
0.97,0.8285,0.67375,0.64675,0.7615,0.707,0.80575,0.805,0.9575,0.86325,0.88625,1.0885,1.01125,1.07325,1.03125,0.98425,0.89075,1.122,1.0305,1.02925,1.20375,1.155,1.02125,1.1215,1.01425,1.029,0.948,1.097,1.02275,0.99725,1.11225,1.04225,1.239
0.862,0.776,0.589,0.56175,0.693,0.63375,0.72525,0.72025,0.90075,0.77825,0.7915,0.99775,0.914,0.972,0.92525,0.885,0.7635,0.98175,0.9345,0.9475,1.0855,1.06725,0.911,1.02075,0.8635,0.93725,0.807,0.996,0.92,0.892,0.95425,0.93825,1.134
0.857,0.74825,0.6005,0.5695,0.681,0.63275,0.7135,0.7055,0.873,0.76,0.779,1.01025,0.90225,0.98375,0.9125,0.87475,0.787,0.98775,0.94075,0.9115,1.09075,0.9925,0.898,1.021,0.8865,0.934,0.83025,1.00425,0.91075,0.8905,0.99125,0.9355,1.202
0.96375,0.8065,0.647,0.6115,0.71675,0.6745,0.76325,0.75325,0.923,0.81875,0.83825,1.1175,0.976,1.06525,0.99025,0.9555,0.8745,1.10425,1.0105,0.991,1.22175,1.105,0.99675,1.11125,0.99125,1.00925,0.93175,1.0915,1.001,0.9805,1.12525,1.02,1.2995
0.9125,0.781,0.62425,0.587,0.69175,0.64975,0.73725,0.729,0.8975,0.79275,0.80875,1.066,0.94175,1.0255,0.951,0.922,0.828,1.046,0.96875,0.95675,1.16175,1.038,0.95275,1.068,0.93325,0.968,0.88025,1.049,0.957,0.93425,1.0515,0.9765,1.22425
1.02675,0.93725,0.7265,0.6995,0.89225,0.804,0.91075,0.8865,1.125,0.94225,0.98075,1.2145,1.11325,1.169,1.1145,1.08475,0.94825,1.16,1.18,1.1705,1.272,1.198,1.08475,1.22075,1.048,1.15325,0.9635,1.202,1.10825,1.0885,1.157,1.157,1.363
1.84125,1.815,1.32575,1.24975,1.68375,1.432,1.6545,1.603,2.1035,1.711,1.84875,2.06325,2.00075,2.0465,2.01925,1.954,1.62625,1.8415,2,2.1575,2.21175,2.1475,1.944,2.149,1.74475,2.04175,1.759,2.13125,1.99925,1.97325,1.9915,2.008,2.25825
1.681,1.58675,1.2395,1.16875,1.57275,1.33225,1.54,1.49075,1.9155,1.574,1.712,1.8835,1.8415,1.86025,1.84425,1.7755,1.516,1.67975,1.834,1.967,1.9795,1.87825,1.78175,1.94575,1.61925,1.857,1.63225,1.9305,1.79725,1.8115,1.79925,1.8345,2.041
1.9265,1.8345,1.399,1.31625,1.76075,1.489,1.737,1.6845,2.17725,1.79675,1.91925,2.119,2.09825,2.12125,2.10725,2.019,1.7155,1.92425,2.05625,2.2515,2.282,2.17575,2.033,2.2335,1.863,2.11875,1.846,2.204,2.05625,2.0575,2.05975,2.113,2.35575
2.088,2.02375,1.49525,1.39425,1.9155,1.62225,1.8895,1.81525,2.414,1.9395,2.1055,2.375,2.2835,2.3525,2.28875,2.2065,1.84825,2.09,2.292,2.465,2.5265,2.4265,2.192,2.43825,1.96525,2.338,1.97525,2.4465,2.25825,2.2445,2.25425,2.31075,2.48975
1.5885,1.5485,1.172,1.158,1.4335,1.26225,1.4335,1.4155,1.76725,1.49875,1.6065,1.7255,1.734,1.72225,1.7595,1.67575,1.43675,1.627,1.699,1.82675,1.861,1.88775,1.73375,1.88225,1.62975,1.72,1.597,1.768,1.6955,1.7145,1.734,1.71775,2.45525
1.84725,1.8115,1.35125,1.29825,1.68775,1.4565,1.676,1.62525,2.0885,1.73125,1.851,2.04075,2.01275,2.0295,2.02825,1.9535,1.646,1.8585,1.9935,2.15325,2.1945,2.157,1.9795,2.16025,1.82475,2.0295,1.8015,2.104,1.988,1.98275,2.003,2.017,2.45525
1.97925,1.883,1.39775,1.33825,1.809,1.53175,1.77425,1.72875,2.328,1.835,2.00975,2.267,2.20525,2.24175,2.2075,2.1165,1.765,1.993,2.23775,2.33475,2.386,2.32425,2.103,2.35075,1.93425,2.23825,1.89975,2.31375,2.1535,2.14675,2.1885,2.20325,2.42025
1.28225,1.22625,0.903,0.86625,1.168,0.996,1.16925,1.11925,1.50775,1.2005,1.29575,1.48175,1.4345,1.48325,1.429,1.4135,1.15125,1.33125,1.46125,1.5305,1.57125,1.524,1.36625,1.52975,1.2805,1.487,1.23075,1.55025,1.406,1.38775,1.4265,1.45925,1.758
1.67325,1.6485,1.2175,1.16225,1.54725,1.32475,1.53375,1.47275,1.92825,1.57025,1.69275,1.91,1.83625,1.8745,1.83925,1.7885,1.5005,1.695,1.85,1.972,2.029,2.0075,1.79375,1.9695,1.64825,1.8725,1.631,1.9495,1.80975,1.80225,1.82925,1.8635,2.172
1.202,1.1615,0.86975,0.858,1.0895,0.9545,1.105,1.07975,1.38975,1.14425,1.22425,1.3665,1.346,1.38225,1.35075,1.3235,1.10925,1.28225,1.36375,1.40325,1.45125,1.4755,1.305,1.44725,1.25675,1.3895,1.2005,1.435,1.3135,1.29875,1.3565,1.3585,1.6555
0.809,0.76875,0.608,0.55825,0.718,0.62975,0.73975,0.7225,0.94525,0.7785,0.80925,0.957,0.911,1.0325,0.93175,0.92725,0.81425,0.9375,0.96475,0.9615,1.0015,1.047,0.891,1,0.84425,0.98125,0.79275,1.01625,0.91225,0.90175,0.96725,0.95325,1.34025
1.09325,1.06075,0.7555,0.72075,0.98875,0.8435,0.99525,0.94975,1.31775,1.029,1.1015,1.3185,1.23225,1.32825,1.23575,1.237,1.009,1.2055,1.295,1.33725,1.395,1.355,1.154,1.33475,1.0905,1.3205,1.0315,1.38275,1.2195,1.19075,1.26525,1.28225,1.45
1.1155,1.0595,0.81025,0.78575,1.03175,0.89475,1.04,0.997,1.3165,1.0555,1.1455,1.29225,1.256,1.28825,1.245,1.2215,1.02375,1.15225,1.28075,1.316,1.34225,1.30525,1.1925,1.34075,1.13675,1.2925,1.08875,1.33875,1.2005,1.217,1.25,1.272,1.73325
1.321,1.26475,0.97825,0.96525,1.2115,1.0675,1.2215,1.19325,1.5195,1.25125,1.36,1.47825,1.47125,1.46925,1.47125,1.41225,1.21875,1.34875,1.474,1.51825,1.5465,1.557,1.42575,1.56575,1.36725,1.48075,1.322,1.5235,1.40725,1.425,1.45875,1.46975,1.81175
1.41975,1.433,1.02725,1.01525,1.28,1.1205,1.2835,1.26125,1.63125,1.33825,1.442,1.58925,1.577,1.586,1.58725,1.53975,1.28875,1.46375,1.5775,1.6735,1.69875,1.7855,1.54125,1.69875,1.46325,1.5995,1.418,1.65375,1.54225,1.53925,1.577,1.57775,1.88725
1.58875,1.58375,1.155,1.1065,1.47375,1.26075,1.45825,1.3975,1.84325,1.49625,1.61375,1.83325,1.74775,1.79325,1.7495,1.73025,1.42925,1.6215,1.7735,1.8805,1.9495,1.9605,1.706,1.888,1.56725,1.80525,1.555,1.893,1.72425,1.719,1.75025,1.78075,2.0235
1.60425,1.56225,1.177,1.12325,1.50175,1.2855,1.487,1.42125,1.86125,1.51325,1.6415,1.85025,1.76575,1.81225,1.7655,1.74275,1.453,1.6285,1.796,1.8995,1.94975,1.902,1.71725,1.894,1.58025,1.817,1.56875,1.90475,1.728,1.739,1.757,1.802,2.0515
1.61775,1.57625,1.18575,1.1275,1.5035,1.289,1.4895,1.42975,1.86525,1.51675,1.64725,1.83975,1.77025,1.81025,1.77725,1.72875,1.4525,1.62375,1.78925,1.8985,1.94075,1.895,1.7195,1.889,1.56625,1.8095,1.56525,1.888,1.74325,1.74275,1.756,1.79025,2.07075
1.5795,1.52025,1.17125,1.11975,1.4865,1.2735,1.47,1.4095,1.81975,1.49075,1.6205,1.80375,1.73675,1.765,1.73775,1.7045,1.4385,1.59475,1.758,1.8605,1.88875,1.83675,1.693,1.84925,1.55775,1.77,1.55325,1.849,1.697,1.71125,1.71925,1.75425,2.02725
1.56325,1.50525,1.15425,1.09825,1.46425,1.2555,1.453,1.39,1.7995,1.472,1.599,1.781,1.71575,1.74925,1.71725,1.68275,1.4145,1.572,1.73375,1.83775,1.86825,1.80825,1.66775,1.826,1.52975,1.74975,1.5245,1.83025,1.67675,1.68875,1.69325,1.7375,2.1815
1.4475,1.41525,1.054,1.0145,1.33625,1.149,1.32725,1.2765,1.665,1.365,1.467,1.64875,1.5925,1.621,1.596,1.5685,1.2975,1.4775,1.60225,1.6975,1.7535,1.7465,1.5615,1.71575,1.43725,1.63275,1.4235,1.707,1.55575,1.56075,1.5855,1.61225,1.8365
1.448,1.39625,1.0575,1.0105,1.346,1.153,1.33775,1.27975,1.66875,1.3655,1.4735,1.655,1.5935,1.631,1.59475,1.57925,1.30075,1.487,1.60675,1.70475,1.74825,1.7025,1.55275,1.70325,1.426,1.643,1.4155,1.72075,1.555,1.5645,1.57675,1.6195,1.7585
1.8125,1.74775,1.326,1.245,1.70175,1.443,1.67725,1.6035,2.102,1.6945,1.85925,2.08275,1.99075,2.0405,1.9915,1.9275,1.63775,1.814,2.01875,2.14925,2.17525,2.07825,1.9135,2.1155,1.7265,2.036,1.7435,2.119,1.96275,1.96275,1.95925,2.0095,2.31225
1.05625,0.97975,0.82525,0.82775,0.94825,0.8625,0.9655,0.9735,1.0905,1.009,1.0445,1.12375,1.13125,1.20475,1.19225,1.16725,1.06,1.1895,1.17675,1.1675,1.2385,1.26575,1.15625,1.22025,1.15725,1.1875,1.10625,1.184,1.134,1.1305,1.19375,1.13675,1.7125
1.129,1.047,0.879,0.88875,1.013,0.9225,1.02925,1.039,1.156,1.07425,1.11225,1.1965,1.20475,1.2665,1.26575,1.23675,1.1165,1.2635,1.24275,1.2455,1.32125,1.34325,1.231,1.29425,1.239,1.259,1.18625,1.25475,1.2035,1.2075,1.2715,1.209,1.8405
1.35025,1.267,1.02,1.04425,1.22425,1.1025,1.2365,1.22825,1.4295,1.27925,1.347,1.43575,1.42975,1.4575,1.48975,1.45875,1.275,1.453,1.45825,1.497,1.5525,1.57875,1.45025,1.55,1.45125,1.47975,1.4035,1.49825,1.428,1.4385,1.47725,1.457,2.18925
1.231,1.1465,0.9395,0.95175,1.1095,1.0015,1.1235,1.122,1.29075,1.16925,1.219,1.31325,1.3095,1.365,1.36775,1.33975,1.17525,1.35575,1.33925,1.3565,1.4285,1.45625,1.32925,1.4085,1.32925,1.363,1.27975,1.37425,1.3105,1.31175,1.35875,1.328,1.889
1.22075,1.1435,0.9195,0.93425,1.10875,0.991,1.117,1.1065,1.307,1.157,1.2185,1.303,1.297,1.3235,1.342,1.319,1.14825,1.30825,1.32125,1.363,1.39875,1.43,1.31575,1.4105,1.30375,1.34075,1.2635,1.369,1.29775,1.30125,1.33525,1.3215,2.10075
1.40025,1.30525,1.049,1.0565,1.264,1.12775,1.26975,1.255,1.50225,1.31575,1.389,1.4945,1.482,1.498,1.51775,1.4905,1.29375,1.46525,1.51025,1.569,1.61025,1.60525,1.49825,1.609,1.477,1.5105,1.42575,1.55375,1.48125,1.48675,1.5265,1.51625,2.115
1.6205,1.4825,1.16575,1.12725,1.47475,1.24225,1.45,1.40225,1.77675,1.49625,1.57975,1.7545,1.72825,1.7595,1.744,1.73875,1.452,1.6815,1.7525,1.8725,1.91175,1.8055,1.70375,1.851,1.62775,1.7735,1.56375,1.84925,1.72475,1.71375,1.74475,1.776,2.11575
1.63,1.48225,1.18925,1.16675,1.4805,1.27575,1.48125,1.44075,1.7815,1.52675,1.60525,1.76225,1.75,1.7805,1.789,1.7665,1.4935,1.73,1.771,1.863,1.897,1.836,1.74075,1.87475,1.6775,1.803,1.60175,1.86325,1.735,1.73225,1.7635,1.78925,2.18025
2.776,2.52,2.05875,1.88275,2.55,2.13725,2.559,2.434,3.05825,2.567,2.7395,2.972,2.9955,2.9985,3.008,2.8205,2.48525,2.702,2.8565,3.1605,3.19675,2.90725,2.91125,3.10925,2.586,3.024,2.6205,3.11275,2.88,2.92225,2.812,2.947,3.496
2.1855,2.0375,1.6265,1.57875,1.968,1.713,1.9595,1.93,2.38875,2.05,2.1745,2.3185,2.358,2.333,2.38525,2.2645,1.96625,2.18525,2.28475,2.48475,2.5375,2.45225,2.3495,2.5325,2.21075,2.3415,2.14225,2.3995,2.305,2.3235,2.3285,2.34525,2.5425
2.35725,2.155,1.75025,1.65425,2.12975,1.836,2.14925,2.08375,2.57275,2.1945,2.352,2.477,2.53725,2.52275,2.56825,2.391,2.07925,2.3115,2.42425,2.648,2.6795,2.52275,2.4945,2.6665,2.2655,2.523,2.25975,2.60625,2.42875,2.482,2.43075,2.49175,2.524
2.726,2.453,2.0165,1.83325,2.44775,2.10275,2.52775,2.3845,2.96675,2.51525,2.7045,2.826,2.93025,2.9255,2.9585,2.69175,2.40325,2.62475,2.71125,3.0295,3.11425,2.814,2.858,3.022,2.5065,2.9505,2.56775,3.03275,2.773,2.84225,2.713,2.88575,2.51625
2.184,2.01275,1.64625,1.582,1.97075,1.72475,1.99,1.95225,2.367,2.04725,2.19725,2.27125,2.3455,2.31225,2.37775,2.2185,1.9415,2.15225,2.2345,2.42125,2.45675,2.35475,2.3225,2.472,2.13375,2.32675,2.12425,2.38975,2.248,2.30775,2.27275,2.291,2.63325
2.26775,2.099,1.71325,1.6295,2.07075,1.8,2.08,2.02175,2.47875,2.1255,2.274,2.39275,2.4335,2.423,2.465,2.311,2.024,2.23125,2.346,2.55325,2.581,2.4365,2.39525,2.56325,2.21525,2.42875,2.18875,2.50425,2.34275,2.38875,2.35575,2.42375,2.66675
2.10625,1.9545,1.5915,1.53225,1.91725,1.67175,1.928,1.88925,2.296,1.9795,2.12625,2.211,2.264,2.24,2.297,2.1525,1.88475,2.07875,2.1715,2.35025,2.38125,2.27725,2.24275,2.3915,2.07025,2.254,2.05525,2.31725,2.17525,2.2315,2.2015,2.23025,2.49925
2.32625,2.15925,1.77125,1.68525,2.1055,1.8465,2.14425,2.08875,2.519,2.1825,2.34775,2.4075,2.48,2.4655,2.52825,2.33675,2.067,2.27325,2.36,2.56725,2.59975,2.46025,2.44275,2.61375,2.239,2.48,2.2325,2.5525,2.382,2.43375,2.397,2.4335,2.63
2.40775,2.24025,1.79725,1.67075,2.20925,1.8965,2.22075,2.124,2.6645,2.242,2.40925,2.58525,2.581,2.609,2.61925,2.451,2.1445,2.3505,2.507,2.756,2.76525,2.5545,2.516,2.72275,2.28425,2.6025,2.2735,2.7055,2.50175,2.534,2.48175,2.57975,2.68675
